t_offset_s,name,latency_ms,http_status,rcode,ok
0.0015,example.com,215.604,200,0,1
0.0016,google.com,215.372,200,0,1
0.0017,cloudflare.com,1283.993,200,0,1
0.0018,github.com,1333.501,200,0,1
0.0018,wikipedia.org,3424.146,200,0,1
0.0019,example.com,3391.729,503,13,0
0.0019,google.com,214.092,200,0,1
0.0020,cloudflare.com,2249.601,200,0,1
0.0020,github.com,254.271,200,0,1
0.0020,wikipedia.org,3384.981,503,13,0
0.0021,example.com,306.426,200,0,1
0.0021,google.com,1231.007,200,0,1
0.0022,cloudflare.com,3305.242,200,0,1
0.0023,github.com,2282.646,200,0,1
0.0024,wikipedia.org,3381.242,503,13,0
0.0024,example.com,2286.144,200,0,1
0.0025,google.com,2350.840,200,0,1
0.0025,cloudflare.com,1214.180,200,0,1
0.0026,github.com,213.595,200,0,1
0.0026,wikipedia.org,2242.689,200,0,1
0.0027,example.com,213.230,200,0,1
0.0027,google.com,3393.466,503,13,0
0.0027,cloudflare.com,3305.136,200,0,1
0.0029,github.com,3414.135,200,0,1
0.0030,wikipedia.org,1229.149,200,0,1
0.0040,example.com,1205.089,200,0,1
0.0040,google.com,3297.914,200,0,1
0.0041,cloudflare.com,3348.843,503,13,0
0.0042,github.com,3415.009,200,0,1
0.0044,wikipedia.org,3399.755,503,13,0
0.0045,example.com,2286.906,200,0,1
0.0045,google.com,1214.466,200,0,1
0.2159,cloudflare.com,54.899,200,0,1
0.2160,github.com,57.438,200,0,1
0.2162,wikipedia.org,63.182,200,0,1
0.2170,example.com,56.347,200,0,1
0.2171,google.com,59.523,200,0,1
0.2563,cloudflare.com,53.247,200,0,1
0.2708,github.com,42.883,200,0,1
0.2733,wikipedia.org,46.691,200,0,1
0.2735,example.com,45.612,200,0,1
0.2766,google.com,47.539,200,0,1
0.2794,cloudflare.com,51.424,200,0,1
0.3085,github.com,75.768,200,0,1
0.3095,wikipedia.org,89.638,200,0,1
0.3137,example.com,51.337,200,0,1
0.3191,google.com,55.432,200,0,1
0.3200,cloudflare.com,77.661,200,0,1
0.3242,github.com,81.830,200,0,1
0.3309,wikipedia.org,69.188,200,0,1
0.3650,example.com,49.275,200,0,1
0.3745,google.com,41.956,200,0,1
0.3843,cloudflare.com,65.110,200,0,1
0.3977,github.com,51.030,200,0,1
0.3992,wikipedia.org,83.522,200,0,1
0.4001,example.com,57.175,200,0,1
0.4060,google.com,63.463,200,0,1
0.4143,cloudflare.com,70.070,200,0,1
0.4165,github.com,69.588,200,0,1
0.4488,wikipedia.org,57.262,200,0,1
0.4494,example.com,76.627,200,0,1
0.4573,google.com,52.530,200,0,1
0.4695,cloudflare.com,65.734,200,0,1
0.4827,github.com,66.354,200,0,1
0.4844,wikipedia.org,54.381,200,0,1
0.4861,example.com,51.429,200,0,1
0.5061,google.com,57.986,200,0,1
0.5098,cloudflare.com,53.171,200,0,1
0.5261,github.com,75.019,200,0,1
0.5352,wikipedia.org,57.341,200,0,1
0.5375,example.com,54.352,200,0,1
0.5388,google.com,61.320,200,0,1
0.5491,cloudflare.com,68.841,200,0,1
0.5630,github.com,47.911,200,0,1
0.5640,wikipedia.org,44.158,200,0,1
0.5919,example.com,46.183,200,0,1
0.5926,google.com,51.182,200,0,1
0.6001,cloudflare.com,48.215,200,0,1
0.6011,github.com,76.416,200,0,1
0.6082,wikipedia.org,56.704,200,0,1
0.6110,example.com,58.351,200,0,1
0.6180,google.com,59.061,200,0,1
0.6381,cloudflare.com,46.743,200,0,1
0.6438,github.com,49.244,200,0,1
0.6484,wikipedia.org,48.816,200,0,1
0.6649,example.com,58.364,200,0,1
0.6693,google.com,55.556,200,0,1
0.6770,cloudflare.com,87.024,200,0,1
0.6775,github.com,74.921,200,0,1
0.6849,wikipedia.org,59.096,200,0,1
0.6930,example.com,72.527,200,0,1
0.6972,google.com,73.229,200,0,1
0.7233,cloudflare.com,66.244,200,0,1
0.7249,github.com,62.380,200,0,1
0.7440,wikipedia.org,44.361,200,0,1
0.7524,example.com,62.132,200,0,1
0.7641,google.com,58.065,200,0,1
0.7656,cloudflare.com,49.744,200,0,1
0.7704,github.com,47.845,200,0,1
0.7873,wikipedia.org,58.920,200,0,1
0.7884,example.com,57.049,200,0,1
0.7896,google.com,54.733,200,0,1
0.8146,cloudflare.com,68.808,200,0,1
0.8153,github.com,45.120,200,0,1
0.8183,wikipedia.org,43.461,200,0,1
0.8221,example.com,62.652,200,0,1
0.8445,google.com,54.960,200,0,1
0.8454,cloudflare.com,58.397,200,0,1
0.8462,github.com,60.269,200,0,1
0.8605,wikipedia.org,56.302,200,0,1
0.8617,example.com,55.106,200,0,1
0.8834,google.com,61.058,200,0,1
0.8848,cloudflare.com,60.416,200,0,1
0.8995,github.com,54.384,200,0,1
0.9038,wikipedia.org,54.007,200,0,1
0.9065,example.com,62.855,200,0,1
0.9168,google.com,72.508,200,0,1
0.9168,cloudflare.com,65.894,200,0,1
0.9445,github.com,85.102,200,0,1
0.9452,wikipedia.org,79.424,200,0,1
0.9538,example.com,53.554,200,0,1
0.9578,google.com,72.951,200,0,1
0.9694,cloudflare.com,61.931,200,0,1
0.9827,github.com,65.459,200,0,1
0.9893,wikipedia.org,56.985,200,0,1
1.0074,example.com,55.386,200,0,1
1.0246,google.com,52.793,200,0,1
1.0296,cloudflare.com,58.371,200,0,1
1.0308,github.com,45.433,200,0,1
1.0313,wikipedia.org,45.033,200,0,1
1.0463,example.com,47.829,200,0,1
1.0482,google.com,46.223,200,0,1
1.0628,cloudflare.com,44.501,200,0,1
1.0762,github.com,40.011,200,0,1
1.0763,wikipedia.org,43.028,200,0,1
1.0774,example.com,55.886,200,0,1
1.0880,google.com,72.299,200,0,1
1.0941,cloudflare.com,50.187,200,0,1
1.0944,github.com,42.165,200,0,1
1.1073,wikipedia.org,51.092,200,0,1
1.1162,example.com,45.852,200,0,1
1.1194,google.com,50.107,200,0,1
1.1333,cloudflare.com,54.955,200,0,1
1.1366,github.com,41.810,200,0,1
1.1443,wikipedia.org,45.893,200,0,1
1.1584,example.com,42.455,200,0,1
1.1603,google.com,106.060,200,0,1
1.1621,cloudflare.com,40.060,200,0,1
1.1695,github.com,54.100,200,0,1
1.1784,wikipedia.org,49.837,200,0,1
1.1883,example.com,69.008,200,0,1
1.1902,google.com,54.290,200,0,1
1.2009,cloudflare.com,56.938,200,0,1
1.2022,github.com,44.071,200,0,1
1.2091,wikipedia.org,63.578,200,0,1
1.2167,example.com,65.062,200,0,1
1.2190,google.com,65.357,200,0,1
1.2236,cloudflare.com,57.880,200,0,1
1.2283,github.com,55.305,200,0,1
1.2321,wikipedia.org,66.443,200,0,1
1.2331,example.com,63.825,200,0,1
1.2445,google.com,69.697,200,0,1
1.2463,cloudflare.com,66.032,200,0,1
1.2573,github.com,70.186,200,0,1
1.2578,wikipedia.org,65.694,200,0,1
1.2663,example.com,73.068,200,0,1
1.2727,google.com,54.335,200,0,1
1.2815,cloudflare.com,47.791,200,0,1
1.2818,github.com,47.902,200,0,1
1.2836,wikipedia.org,44.762,200,0,1
1.2844,example.com,46.473,200,0,1
1.2857,google.com,49.785,200,0,1
1.2970,cloudflare.com,48.729,200,0,1
1.2986,github.com,45.142,200,0,1
1.3123,wikipedia.org,43.249,200,0,1
1.3142,example.com,45.752,200,0,1
1.3235,google.com,45.151,200,0,1
1.3270,cloudflare.com,51.073,200,0,1
1.3275,github.com,84.053,200,0,1
1.3283,wikipedia.org,44.668,200,0,1
1.3293,example.com,58.753,200,0,1
1.3297,google.com,79.975,200,0,1
1.3309,cloudflare.com,80.094,200,0,1
1.3353,github.com,98.321,200,0,1
1.3355,wikipedia.org,76.927,200,0,1
1.3394,example.com,94.735,200,0,1
1.3437,google.com,69.203,200,0,1
1.3457,cloudflare.com,80.023,200,0,1
1.3556,github.com,68.306,200,0,1
1.3600,wikipedia.org,80.068,200,0,1
1.3687,example.com,73.477,200,0,1
1.3730,google.com,63.445,200,0,1
1.3781,cloudflare.com,63.119,200,0,1
1.3880,github.com,60.674,200,0,1
1.4097,wikipedia.org,47.690,200,0,1
1.4110,example.com,55.648,200,0,1
1.4116,google.com,63.517,200,0,1
1.4124,cloudflare.com,60.382,200,0,1
1.4129,github.com,58.884,200,0,1
1.4239,wikipedia.org,60.367,200,0,1
1.4258,example.com,57.937,200,0,1
1.4336,google.com,72.422,200,0,1
1.4342,cloudflare.com,72.528,200,0,1
1.4365,github.com,53.983,200,0,1
1.4401,wikipedia.org,54.417,200,0,1
1.4413,example.com,55.866,200,0,1
1.4422,google.com,54.400,200,0,1
1.4487,cloudflare.com,49.246,200,0,1
1.4574,github.com,43.105,200,0,1
1.4666,wikipedia.org,45.291,200,0,1
1.4718,example.com,53.317,200,0,1
1.4728,google.com,71.272,200,0,1
1.4751,cloudflare.com,78.762,200,0,1
1.4837,github.com,70.822,200,0,1
1.4843,wikipedia.org,58.881,200,0,1
1.4905,example.com,61.480,200,0,1
1.4945,google.com,61.413,200,0,1
1.4966,cloudflare.com,56.724,200,0,1
1.4972,github.com,55.677,200,0,1
1.4980,wikipedia.org,54.473,200,0,1
1.5005,example.com,60.187,200,0,1
1.5061,google.com,71.236,200,0,1
1.5067,cloudflare.com,64.509,200,0,1
1.5119,github.com,48.188,200,0,1
1.5252,wikipedia.org,47.406,200,0,1
1.5432,example.com,40.609,200,0,1
1.5441,google.com,57.422,200,0,1
1.5520,cloudflare.com,48.890,200,0,1
1.5525,github.com,53.815,200,0,1
1.5528,wikipedia.org,49.355,200,0,1
1.5533,example.com,49.305,200,0,1
1.5539,google.com,52.877,200,0,1
1.5545,cloudflare.com,51.363,200,0,1
1.5559,github.com,50.605,200,0,1
1.5601,wikipedia.org,46.773,200,0,1
1.5607,example.com,41.269,200,0,1
1.5712,google.com,60.730,200,0,1
1.5726,cloudflare.com,47.140,200,0,1
1.5773,github.com,61.154,200,0,1
1.5838,wikipedia.org,38.512,200,0,1
1.6009,example.com,40.774,200,0,1
1.6015,google.com,56.897,200,0,1
1.6020,cloudflare.com,54.217,200,0,1
1.6022,github.com,43.374,200,0,1
1.6026,wikipedia.org,50.365,200,0,1
1.6059,example.com,51.523,200,0,1
1.6063,google.com,49.282,200,0,1
1.6065,cloudflare.com,50.186,200,0,1
1.6068,github.com,61.473,200,0,1
1.6069,wikipedia.org,57.389,200,0,1
1.6197,example.com,55.741,200,0,1
1.6223,google.com,52.685,200,0,1
1.6320,cloudflare.com,62.281,200,0,1
1.6385,github.com,91.250,200,0,1
1.6417,wikipedia.org,41.484,200,0,1
1.6456,example.com,47.468,200,0,1
1.6530,google.com,73.914,200,0,1
1.6556,cloudflare.com,70.870,200,0,1
1.6562,github.com,74.024,200,0,1
1.6567,wikipedia.org,69.091,200,0,1
1.6574,example.com,85.058,200,0,1
1.6584,google.com,88.211,200,0,1
1.6643,cloudflare.com,80.342,200,0,1
1.6682,github.com,94.498,200,0,1
1.6750,wikipedia.org,79.081,200,0,1
1.6755,example.com,83.157,200,0,1
1.6832,google.com,82.040,200,0,1
1.6931,cloudflare.com,74.752,200,0,1
1.6942,github.com,94.085,200,0,1
1.7259,wikipedia.org,55.720,200,0,1
1.7264,example.com,58.387,200,0,1
1.7269,google.com,55.140,200,0,1
1.7298,cloudflare.com,70.771,200,0,1
1.7302,github.com,54.767,200,0,1
1.7425,wikipedia.org,61.762,200,0,1
1.7447,example.com,66.510,200,0,1
1.7467,google.com,76.353,200,0,1
1.7541,cloudflare.com,66.973,200,0,1
1.7587,github.com,72.406,200,0,1
1.7628,wikipedia.org,66.879,200,0,1
1.7652,example.com,62.799,200,0,1
1.7678,google.com,60.740,200,0,1
1.7816,cloudflare.com,48.984,200,0,1
1.7821,github.com,48.716,200,0,1
1.7848,wikipedia.org,44.460,200,0,1
1.7850,example.com,45.169,200,0,1
1.7883,google.com,74.219,200,0,1
1.8005,cloudflare.com,91.599,200,0,1
1.8043,github.com,75.610,200,0,1
1.8112,wikipedia.org,74.623,200,0,1
1.8211,example.com,66.888,200,0,1
1.8230,google.com,75.004,200,0,1
1.8280,cloudflare.com,58.868,200,0,1
1.8286,github.com,69.775,200,0,1
1.8293,wikipedia.org,67.018,200,0,1
1.8296,example.com,68.121,200,0,1
1.8302,google.com,68.500,200,0,1
1.8306,cloudflare.com,67.643,200,0,1
1.8308,github.com,67.710,200,0,1
1.8311,wikipedia.org,67.759,200,0,1
1.8626,example.com,59.122,200,0,1
1.8799,google.com,61.368,200,0,1
1.8858,cloudflare.com,56.284,200,0,1
1.8869,github.com,54.855,200,0,1
1.8880,wikipedia.org,55.950,200,0,1
1.8921,example.com,97.931,200,0,1
1.8963,google.com,49.645,200,0,1
1.8978,cloudflare.com,131.912,200,0,1
1.8980,github.com,121.187,200,0,1
1.8982,wikipedia.org,81.746,200,0,1
1.8984,example.com,48.138,200,0,1
1.8985,google.com,49.314,200,0,1
1.8987,cloudflare.com,72.060,200,0,1
1.8988,github.com,83.158,200,0,1
1.9217,wikipedia.org,101.149,200,0,1
1.9413,example.com,129.911,200,0,1
1.9418,google.com,128.182,200,0,1
1.9421,cloudflare.com,128.695,200,0,1
1.9439,github.com,126.170,200,0,1
1.9460,wikipedia.org,125.696,200,0,1
1.9465,example.com,151.080,200,0,1
1.9478,google.com,130.211,200,0,1
1.9708,cloudflare.com,127.835,200,0,1
1.9800,github.com,145.465,200,0,1
1.9820,wikipedia.org,118.430,200,0,1
1.9901,example.com,143.730,200,0,1
2.0192,google.com,107.063,200,0,1
2.0229,cloudflare.com,125.794,200,0,1
2.0297,github.com,109.248,200,0,1
2.0700,wikipedia.org,89.621,200,0,1
2.0701,example.com,89.165,200,0,1
2.0708,google.com,92.195,200,0,1
2.0712,cloudflare.com,85.883,200,0,1
2.0717,github.com,89.686,200,0,1
2.0780,wikipedia.org,84.518,200,0,1
2.0976,example.com,76.673,200,0,1
2.0986,google.com,75.581,200,0,1
2.1004,cloudflare.com,98.926,200,0,1
2.1255,github.com,68.255,200,0,1
2.1263,wikipedia.org,83.400,200,0,1
2.1338,example.com,84.111,200,0,1
2.1389,google.com,70.702,200,0,1
2.1487,cloudflare.com,70.125,200,0,1
2.1571,github.com,53.335,200,0,1
2.1593,wikipedia.org,49.193,200,0,1
2.1596,example.com,49.021,200,0,1
2.1614,google.com,47.028,200,0,1
2.1626,cloudflare.com,47.955,200,0,1
2.1630,github.com,48.838,200,0,1
2.1742,wikipedia.org,54.381,200,0,1
2.1743,example.com,59.480,200,0,1
2.1937,google.com,58.004,200,0,1
2.1994,cloudflare.com,60.673,200,0,1
2.2084,github.com,83.530,200,0,1
2.2085,wikipedia.org,92.796,200,0,1
2.2086,example.com,78.990,200,0,1
2.2096,google.com,95.873,200,0,1
2.2097,cloudflare.com,102.205,200,0,1
2.2104,github.com,100.378,200,0,1
2.2105,wikipedia.org,88.091,200,0,1
2.2119,example.com,96.048,200,0,1
2.2179,google.com,127.605,200,0,1
2.2188,cloudflare.com,128.010,200,0,1
2.2286,github.com,107.700,200,0,1
2.2337,wikipedia.org,102.990,200,0,1
2.2453,example.com,99.813,200,0,1
2.2516,google.com,107.915,200,0,1
2.2517,cloudflare.com,101.373,200,0,1
2.2600,github.com,91.249,200,0,1
2.2850,wikipedia.org,79.350,200,0,1
2.2876,example.com,62.932,200,0,1
2.2886,google.com,86.204,200,0,1
2.2914,cloudflare.com,84.820,200,0,1
2.2919,github.com,74.917,200,0,1
2.2986,wikipedia.org,74.793,200,0,1
2.3013,example.com,73.049,200,0,1
2.3055,google.com,83.541,200,0,1
2.3079,cloudflare.com,75.523,200,0,1
2.3108,github.com,73.352,200,0,1
2.3119,wikipedia.org,68.333,200,0,1
2.3363,example.com,68.167,200,0,1
2.3367,google.com,67.010,200,0,1
2.3451,cloudflare.com,105.743,200,0,1
2.3455,github.com,172.575,200,0,1
2.3468,wikipedia.org,169.091,200,0,1
2.3506,example.com,132.395,200,0,1
2.3513,google.com,135.622,200,0,1
2.3531,cloudflare.com,143.619,200,0,1
2.3533,github.com,154.185,200,0,1
2.3595,wikipedia.org,161.799,200,0,1
2.3643,example.com,126.739,200,0,1
2.3669,google.com,170.347,200,0,1
2.3734,cloudflare.com,166.404,200,0,1
2.3743,github.com,178.614,200,0,1
2.3748,wikipedia.org,1212.762,200,0,1
2.3762,example.com,1211.964,200,0,1
2.3803,google.com,159.784,200,0,1
2.3834,cloudflare.com,156.899,200,0,1
2.3842,github.com,155.036,200,0,1
2.3891,wikipedia.org,150.496,200,0,1
2.4038,example.com,134.434,200,0,1
2.4045,google.com,134.388,200,0,1
2.4509,cloudflare.com,110.870,200,0,1
2.4830,github.com,70.583,200,0,1
2.4869,wikipedia.org,67.803,200,0,1
2.4911,example.com,81.411,200,0,1
2.4967,google.com,67.254,200,0,1
2.5075,cloudflare.com,63.105,200,0,1
2.5159,github.com,73.192,200,0,1
2.5181,wikipedia.org,82.731,200,0,1
2.5213,example.com,55.303,200,0,1
2.5372,google.com,62.727,200,0,1
2.5382,cloudflare.com,68.958,200,0,1
2.5388,github.com,59.496,200,0,1
2.5392,wikipedia.org,73.111,200,0,1
2.5396,example.com,77.338,200,0,1
2.5398,google.com,68.292,200,0,1
2.5401,cloudflare.com,68.414,200,0,1
2.5403,github.com,72.552,200,0,1
2.5530,wikipedia.org,62.711,200,0,1
2.5536,example.com,62.484,200,0,1
2.5547,google.com,63.011,200,0,1
2.5618,cloudflare.com,100.157,200,0,1
2.5640,github.com,90.340,200,0,1
2.5707,wikipedia.org,109.246,200,0,1
2.5725,example.com,116.455,200,0,1
2.5766,google.com,110.847,200,0,1
2.5891,cloudflare.com,110.317,200,0,1
2.5983,github.com,92.742,200,0,1
2.5999,wikipedia.org,89.596,200,0,1
2.6009,example.com,98.970,200,0,1
2.6072,google.com,83.054,200,0,1
2.6081,cloudflare.com,83.618,200,0,1
2.6085,github.com,84.049,200,0,1
2.6123,wikipedia.org,79.650,200,0,1
2.6129,example.com,78.523,200,0,1
2.6157,google.com,75.050,200,0,1
2.6161,cloudflare.com,69.618,200,0,1
2.6169,github.com,83.243,200,0,1
2.6177,wikipedia.org,76.362,200,0,1
2.6544,example.com,50.760,200,0,1
2.6620,google.com,61.346,200,0,1
2.6799,cloudflare.com,60.746,200,0,1
2.6857,github.com,53.506,200,0,1
2.6875,wikipedia.org,67.220,200,0,1
2.6890,example.com,74.598,200,0,1
2.6896,google.com,64.167,200,0,1
2.6902,cloudflare.com,62.452,200,0,1
2.6907,github.com,63.586,200,0,1
2.6911,wikipedia.org,62.288,200,0,1
2.6914,example.com,63.476,200,0,1
2.6918,google.com,63.286,200,0,1
2.6920,cloudflare.com,66.189,200,0,1
2.6925,github.com,67.155,200,0,1
2.6941,wikipedia.org,65.856,200,0,1
2.6995,example.com,71.426,200,0,1
2.6998,google.com,84.437,200,0,1
2.7002,cloudflare.com,61.920,200,0,1
2.7051,github.com,52.515,200,0,1
2.7233,wikipedia.org,49.830,200,0,1
2.7392,example.com,41.048,200,0,1
2.7407,google.com,53.518,200,0,1
2.7527,cloudflare.com,58.109,200,0,1
2.7534,github.com,57.923,200,0,1
2.7537,wikipedia.org,57.869,200,0,1
2.7543,example.com,55.624,200,0,1
2.7547,google.com,65.141,200,0,1
2.7549,cloudflare.com,59.218,200,0,1
2.7551,github.com,58.877,200,0,1
2.7577,wikipedia.org,55.840,200,0,1
2.7582,example.com,56.604,200,0,1
2.7597,google.com,55.762,200,0,1
2.7600,cloudflare.com,54.617,200,0,1
2.7621,github.com,66.272,200,0,1
2.7636,wikipedia.org,59.881,200,0,1
2.7709,example.com,81.388,200,0,1
2.7732,google.com,63.377,200,0,1
2.7803,cloudflare.com,61.002,200,0,1
2.7843,github.com,75.597,200,0,1
2.7942,wikipedia.org,62.344,200,0,1
2.8100,example.com,45.440,200,0,1
2.8108,google.com,48.346,200,0,1
2.8113,cloudflare.com,46.394,200,0,1
2.8116,github.com,43.360,200,0,1
2.8135,wikipedia.org,50.166,200,0,1
2.8139,example.com,49.190,200,0,1
2.8141,google.com,50.237,200,0,1
2.8146,cloudflare.com,69.431,200,0,1
2.8148,github.com,70.221,200,0,1
2.8155,wikipedia.org,73.458,200,0,1
2.8199,example.com,75.981,200,0,1
2.8235,google.com,74.073,200,0,1
2.8284,cloudflare.com,66.875,200,0,1
2.8365,github.com,65.485,200,0,1
2.8413,wikipedia.org,86.943,200,0,1
2.8523,example.com,120.969,200,0,1
2.8550,google.com,99.897,200,0,1
2.8554,cloudflare.com,92.400,200,0,1
2.8566,github.com,116.242,200,0,1
2.8577,wikipedia.org,100.566,200,0,1
2.8592,example.com,103.548,200,0,1
2.8599,google.com,112.557,200,0,1
2.8631,cloudflare.com,100.290,200,0,1
2.8637,github.com,100.888,200,0,1
2.8644,wikipedia.org,100.380,200,0,1
2.8840,example.com,80.141,200,0,1
2.8850,google.com,80.164,200,0,1
2.8889,cloudflare.com,85.395,200,0,1
2.8952,github.com,81.852,200,0,1
2.8958,wikipedia.org,78.924,200,0,1
2.8975,example.com,88.077,200,0,1
2.9020,google.com,71.747,200,0,1
2.9282,cloudflare.com,51.154,200,0,1
2.9478,github.com,39.066,200,0,1
2.9549,wikipedia.org,50.322,200,0,1
2.9583,example.com,59.261,200,0,1
2.9627,google.com,58.639,200,0,1
2.9634,cloudflare.com,56.906,200,0,1
2.9642,github.com,63.446,200,0,1
2.9646,wikipedia.org,58.424,200,0,1
2.9648,example.com,57.810,200,0,1
2.9652,google.com,57.199,200,0,1
2.9725,cloudflare.com,82.489,200,0,1
2.9728,github.com,78.018,200,0,1
2.9733,wikipedia.org,79.247,200,0,1
2.9738,example.com,75.259,200,0,1
2.9743,google.com,72.331,200,0,1
2.9748,cloudflare.com,75.412,200,0,1
2.9771,github.com,74.929,200,0,1
2.9794,wikipedia.org,59.803,200,0,1
2.9857,example.com,72.128,200,0,1
2.9869,google.com,60.448,200,0,1
3.0052,cloudflare.com,46.025,200,0,1
3.0176,github.com,70.616,200,0,1
3.0204,wikipedia.org,75.868,200,0,1
3.0214,example.com,98.339,200,0,1
3.0224,google.com,97.939,200,0,1
3.0226,cloudflare.com,96.525,200,0,1
3.0230,github.com,87.423,200,0,1
3.0276,wikipedia.org,93.266,200,0,1
3.0392,example.com,132.750,200,0,1
3.0467,google.com,134.835,200,0,1
3.0474,cloudflare.com,123.862,200,0,1
3.0491,github.com,129.630,200,0,1
3.0502,wikipedia.org,133.115,200,0,1
3.0508,example.com,128.428,200,0,1
3.0513,google.com,127.078,200,0,1
3.0520,cloudflare.com,131.970,200,0,1
3.0525,github.com,155.365,200,0,1
3.0550,wikipedia.org,159.261,200,0,1
3.0579,example.com,139.323,200,0,1
3.0882,google.com,129.150,200,0,1
3.0962,cloudflare.com,134.791,200,0,1
3.1104,github.com,121.446,200,0,1
3.1191,wikipedia.org,113.089,200,0,1
3.1197,example.com,111.636,200,0,1
3.1203,google.com,129.332,200,0,1
3.1209,cloudflare.com,129.446,200,0,1
3.1712,github.com,77.504,200,0,1
3.1720,wikipedia.org,78.058,200,0,1
3.1784,example.com,73.678,200,0,1
3.1787,google.com,79.430,200,0,1
3.1793,cloudflare.com,82.727,200,0,1
3.1815,github.com,88.535,200,0,1
3.1833,wikipedia.org,78.425,200,0,1
3.1840,example.com,82.309,200,0,1
3.1972,google.com,90.442,200,0,1
3.2079,cloudflare.com,84.622,200,0,1
3.2142,github.com,92.789,200,0,1
3.2174,wikipedia.org,76.803,200,0,1
3.2310,example.com,68.635,200,0,1
3.2314,google.com,63.502,200,0,1
3.2319,cloudflare.com,67.712,200,0,1
3.2322,github.com,94.497,200,0,1
3.2488,wikipedia.org,70.893,200,0,1
3.2497,example.com,73.785,200,0,1
3.2500,google.com,71.018,200,0,1
3.2504,cloudflare.com,76.718,200,0,1
3.2520,github.com,73.056,200,0,1
3.2581,wikipedia.org,86.111,200,0,1
3.2617,example.com,83.396,200,0,1
3.2620,google.com,83.244,200,0,1
3.2663,cloudflare.com,70.644,200,0,1
3.2700,github.com,67.162,200,0,1
3.2876,wikipedia.org,73.739,200,0,1
3.2925,example.com,127.445,200,0,1
3.2942,google.com,115.477,200,0,1
3.2949,cloudflare.com,114.681,200,0,1
3.2996,github.com,111.020,200,0,1
3.2997,wikipedia.org,110.854,200,0,1
3.3020,example.com,109.184,200,0,1
3.3070,google.com,131.737,200,0,1
3.3074,cloudflare.com,110.580,200,0,1
3.3079,github.com,110.247,200,0,1
3.3196,wikipedia.org,118.816,200,0,1
3.3211,example.com,118.419,200,0,1
3.3235,google.com,139.538,200,0,1
3.3251,cloudflare.com,137.018,200,0,1
3.3267,github.com,137.463,200,0,1
3.3271,wikipedia.org,137.292,200,0,1
3.3370,example.com,161.236,200,0,1
3.3372,google.com,153.357,200,0,1
3.3442,cloudflare.com,128.705,200,0,1
3.3451,github.com,127.646,200,0,1
3.3452,wikipedia.org,161.095,200,0,1
3.3530,example.com,277.705,200,0,1
3.3614,google.com,145.744,200,0,1
3.3836,cloudflare.com,256.844,200,0,1
3.3870,github.com,285.593,200,0,1
3.3936,wikipedia.org,259.270,200,0,1
3.3962,example.com,247.796,200,0,1
3.4042,google.com,302.122,200,0,1
3.4096,cloudflare.com,90.510,200,0,1
3.4097,github.com,90.856,200,0,1
3.4105,wikipedia.org,90.634,200,0,1
3.4106,example.com,116.722,200,0,1
3.4111,google.com,121.857,200,0,1
3.4170,cloudflare.com,104.459,200,0,1
3.4180,github.com,115.936,200,0,1
3.4181,wikipedia.org,122.288,200,0,1
3.4192,example.com,108.371,200,0,1
3.4200,google.com,115.591,200,0,1
3.4260,cloudflare.com,105.613,200,0,1
3.4385,github.com,86.832,200,0,1
3.4388,wikipedia.org,133.006,200,0,1
3.4395,example.com,125.203,200,0,1
3.4621,google.com,90.657,200,0,1
3.4630,cloudflare.com,102.636,200,0,1
3.4642,github.com,99.989,200,0,1
3.4644,wikipedia.org,100.894,200,0,1
3.4728,example.com,115.802,200,0,1
3.4729,google.com,127.998,200,0,1
3.4906,cloudflare.com,103.860,200,0,1
3.4982,github.com,96.054,200,0,1
3.5001,wikipedia.org,93.061,200,0,1
3.5005,example.com,92.478,200,0,1
3.5012,google.com,92.991,200,0,1
3.5063,cloudflare.com,96.500,200,0,1
3.5071,github.com,98.073,200,0,1
3.5215,wikipedia.org,92.454,200,0,1
3.5253,example.com,66.373,200,0,1
3.5274,google.com,66.441,200,0,1
3.5276,cloudflare.com,98.872,200,0,1
3.5316,github.com,95.486,200,0,1
3.5330,wikipedia.org,93.730,200,0,1
3.5340,example.com,94.165,200,0,1
3.5356,google.com,92.337,200,0,1
3.5404,cloudflare.com,87.870,200,0,1
3.5528,github.com,75.737,200,0,1
3.5642,wikipedia.org,63.591,200,0,1
3.5647,example.com,62.836,200,0,1
3.5653,google.com,66.837,200,0,1
3.5657,cloudflare.com,66.561,200,0,1
3.5718,github.com,80.624,200,0,1
3.5876,wikipedia.org,72.505,200,0,1
3.5882,example.com,72.787,200,0,1
3.5886,google.com,71.758,200,0,1
3.5917,cloudflare.com,59.430,200,0,1
3.5930,github.com,64.492,200,0,1
3.5931,wikipedia.org,64.496,200,0,1
3.5938,example.com,58.480,200,0,1
3.5942,google.com,63.058,200,0,1
3.5943,cloudflare.com,65.657,200,0,1
3.5945,github.com,65.348,200,0,1
3.6009,wikipedia.org,64.863,200,0,1
3.6029,example.com,63.838,200,0,1
3.6052,google.com,62.054,200,0,1
3.6140,cloudflare.com,70.869,200,0,1
3.6265,github.com,61.765,200,0,1
3.6267,wikipedia.org,61.771,200,0,1
3.6271,example.com,60.708,200,0,1
3.6275,google.com,42.228,200,0,1
3.6278,cloudflare.com,44.502,200,0,1
3.6279,github.com,67.514,200,0,1
3.6281,wikipedia.org,60.658,200,0,1
3.6283,example.com,59.156,200,0,1
3.6285,google.com,46.702,200,0,1
3.6307,cloudflare.com,53.110,200,0,1
3.6321,github.com,61.053,200,0,1
3.6322,wikipedia.org,58.634,200,0,1
3.6405,example.com,53.411,200,0,1
3.6440,google.com,50.695,200,0,1
3.6511,cloudflare.com,43.316,200,0,1
3.6523,github.com,43.986,200,0,1
3.6524,wikipedia.org,96.013,200,0,1
3.6529,example.com,53.085,200,0,1
3.6572,google.com,45.509,200,0,1
3.6575,cloudflare.com,50.547,200,0,1
3.6576,github.com,50.535,200,0,1
3.6598,wikipedia.org,82.758,200,0,1
3.6599,example.com,126.703,200,0,1
3.6601,google.com,69.505,200,0,1
3.6604,cloudflare.com,67.134,200,0,1
3.6610,github.com,69.625,200,0,1
3.6658,wikipedia.org,81.863,200,0,1
3.6667,example.com,83.214,200,0,1
3.6673,google.com,81.775,200,0,1
3.6698,cloudflare.com,88.613,200,0,1
3.6723,github.com,111.811,200,0,1
3.6726,wikipedia.org,114.290,200,0,1
3.6752,example.com,111.509,200,0,1
3.6838,google.com,102.666,200,0,1
3.6849,cloudflare.com,121.906,200,0,1
3.6874,github.com,99.379,200,0,1
3.6878,wikipedia.org,98.751,200,0,1
3.6882,example.com,122.486,200,0,1
3.6885,google.com,131.879,200,0,1
3.6888,cloudflare.com,98.318,200,0,1
3.6909,github.com,110.089,200,0,1
3.6932,wikipedia.org,115.313,200,0,1
3.6939,example.com,109.327,200,0,1
3.6944,google.com,108.244,200,0,1
3.6947,cloudflare.com,114.750,200,0,1
3.6954,github.com,133.712,200,0,1
3.6963,wikipedia.org,98.937,200,0,1
3.7027,example.com,116.890,200,0,1
3.7060,google.com,121.287,200,0,1
3.7063,cloudflare.com,129.869,200,0,1
3.7081,github.com,110.629,200,0,1
3.7082,wikipedia.org,112.016,200,0,1
3.7275,example.com,104.397,200,0,1
3.7296,google.com,110.837,200,0,1
3.7306,cloudflare.com,114.275,200,0,1
3.7426,github.com,105.831,200,0,1
3.7477,wikipedia.org,91.122,200,0,1
3.7484,example.com,108.693,200,0,1
3.7490,google.com,119.509,200,0,1
3.7499,cloudflare.com,110.328,200,0,1
3.7584,github.com,88.170,200,0,1
3.7841,wikipedia.org,86.773,200,0,1
3.7865,example.com,84.259,200,0,1
3.7866,google.com,115.715,200,0,1
3.7866,cloudflare.com,100.021,200,0,1
3.7867,github.com,83.899,200,0,1
3.7868,wikipedia.org,118.132,200,0,1
3.7869,example.com,118.838,200,0,1
3.7871,google.com,115.095,200,0,1
3.7952,cloudflare.com,91.245,200,0,1
3.8010,github.com,86.445,200,0,1
3.8027,wikipedia.org,82.383,200,0,1
3.8032,example.com,83.984,200,0,1
3.8068,google.com,78.841,200,0,1
3.8085,cloudflare.com,78.602,200,0,1
3.8094,github.com,76.573,200,0,1
3.8107,wikipedia.org,91.286,200,0,1
3.8187,example.com,81.557,200,0,1
3.8196,google.com,82.271,200,0,1
3.8202,cloudflare.com,81.093,200,0,1
3.8204,github.com,81.706,200,0,1
3.8273,wikipedia.org,77.219,200,0,1
3.8291,example.com,82.053,200,0,1
3.8319,google.com,70.983,200,0,1
3.8362,cloudflare.com,74.011,200,0,1
3.8388,github.com,71.913,200,0,1
3.8404,wikipedia.org,70.018,200,0,1
3.8449,example.com,79.066,200,0,1
3.8466,google.com,62.488,200,0,1
3.8484,cloudflare.com,72.608,200,0,1
3.8571,github.com,91.371,200,0,1
3.8603,wikipedia.org,74.533,200,0,1
3.8686,example.com,74.395,200,0,1
3.8707,google.com,63.514,200,0,1
3.8708,cloudflare.com,62.301,200,0,1
3.8709,github.com,62.428,200,0,1
3.8851,wikipedia.org,55.296,200,0,1
3.8856,example.com,66.702,200,0,1
3.8860,google.com,62.423,200,0,1
3.8865,cloudflare.com,66.842,200,0,1
3.8867,github.com,76.905,200,0,1
3.8871,wikipedia.org,66.921,200,0,1
3.8872,example.com,62.460,200,0,1
3.8874,google.com,60.116,200,0,1
3.9002,cloudflare.com,63.418,200,0,1
3.9013,github.com,70.592,200,0,1
3.9019,wikipedia.org,62.870,200,0,1
3.9020,example.com,73.233,200,0,1
3.9021,google.com,82.655,200,0,1
3.9022,cloudflare.com,78.358,200,0,1
3.9023,github.com,78.734,200,0,1
3.9029,wikipedia.org,77.254,200,0,1
3.9045,example.com,87.254,200,0,1
3.9050,google.com,76.175,200,0,1
3.9058,cloudflare.com,86.606,200,0,1
3.9091,github.com,63.845,200,0,1
3.9102,wikipedia.org,81.514,200,0,1
3.9105,example.com,81.483,200,0,1
3.9107,google.com,74.142,200,0,1
3.9112,cloudflare.com,82.332,200,0,1
3.9210,github.com,69.920,200,0,1
3.9240,wikipedia.org,75.682,200,0,1
3.9331,example.com,56.792,200,0,1
3.9333,google.com,58.109,200,0,1
3.9342,cloudflare.com,55.368,200,0,1
3.9348,github.com,65.238,200,0,1
3.9404,wikipedia.org,51.257,200,0,1
3.9430,example.com,57.378,200,0,1
3.9475,google.com,50.900,200,0,1
3.9484,cloudflare.com,54.822,200,0,1
3.9485,github.com,72.246,200,0,1
3.9497,wikipedia.org,55.810,200,0,1
3.9523,example.com,57.308,200,0,1
3.9533,google.com,54.866,200,0,1
3.9540,cloudflare.com,55.077,200,0,1
3.9636,github.com,57.902,200,0,1
3.9637,wikipedia.org,48.420,200,0,1
3.9648,example.com,51.197,200,0,1
3.9719,google.com,48.119,200,0,1
3.9729,cloudflare.com,46.332,200,0,1
3.9752,github.com,50.076,200,0,1
3.9802,wikipedia.org,51.632,200,0,1
3.9806,example.com,51.012,200,0,1
3.9810,google.com,51.632,200,0,1
3.9811,cloudflare.com,51.413,200,0,1
3.9848,github.com,56.869,200,0,1
3.9849,wikipedia.org,54.311,200,0,1
3.9895,example.com,48.078,200,0,1
3.9898,google.com,46.097,200,0,1
3.9909,cloudflare.com,60.683,200,0,1
3.9914,github.com,49.700,200,0,1
3.9916,wikipedia.org,47.265,200,0,1
3.9917,example.com,64.629,200,0,1
3.9918,google.com,56.912,200,0,1
3.9919,cloudflare.com,56.849,200,0,1
3.9924,github.com,78.605,200,0,1
3.9935,wikipedia.org,77.997,200,0,1
3.9984,example.com,53.484,200,0,1
3.9996,google.com,68.611,200,0,1
4.0000,cloudflare.com,70.145,200,0,1
4.0003,github.com,70.877,200,0,1
4.0032,wikipedia.org,58.760,200,0,1
4.0055,example.com,49.986,200,0,1
4.0082,google.com,61.083,200,0,1
4.0091,cloudflare.com,62.016,200,0,1
4.0096,github.com,78.685,200,0,1
4.0121,wikipedia.org,64.864,200,0,1
4.0160,example.com,68.912,200,0,1
4.0192,google.com,68.047,200,0,1
4.0200,cloudflare.com,48.350,200,0,1
4.0207,github.com,78.677,200,0,1
4.0215,wikipedia.org,96.471,200,0,1
4.0253,example.com,91.831,200,0,1
4.0316,google.com,85.394,200,0,1
4.0318,cloudflare.com,66.628,200,0,1
4.0326,github.com,85.153,200,0,1
4.0327,wikipedia.org,84.949,200,0,1
4.0359,example.com,76.351,200,0,1
4.0376,google.com,79.740,200,0,1
4.0389,cloudflare.com,78.937,200,0,1
4.0392,github.com,77.546,200,0,1
4.0411,wikipedia.org,76.355,200,0,1
4.0416,example.com,84.996,200,0,1
4.0487,google.com,88.512,200,0,1
4.0488,cloudflare.com,87.176,200,0,1
4.0516,github.com,79.033,200,0,1
4.0519,wikipedia.org,77.649,200,0,1
4.0555,example.com,76.935,200,0,1
4.0563,google.com,88.182,200,0,1
4.0620,cloudflare.com,73.276,200,0,1
4.0683,github.com,77.906,200,0,1
4.0684,wikipedia.org,66.100,200,0,1
4.0693,example.com,68.153,200,0,1
4.0702,google.com,75.442,200,0,1
4.0710,cloudflare.com,82.309,200,0,1
4.0711,github.com,67.874,200,0,1
4.0712,wikipedia.org,75.447,200,0,1
4.0715,example.com,80.324,200,0,1
4.0770,google.com,60.315,200,0,1
4.0849,cloudflare.com,63.812,200,0,1
4.0873,github.com,57.554,200,0,1
4.0883,wikipedia.org,59.412,200,0,1
4.0984,example.com,58.357,200,0,1
4.0994,google.com,62.847,200,0,1
4.1123,cloudflare.com,53.110,200,0,1
4.1167,github.com,57.383,200,0,1
4.1170,wikipedia.org,56.936,200,0,1
4.1172,example.com,96.342,200,0,1
4.1174,google.com,58.792,200,0,1
4.1175,cloudflare.com,53.151,200,0,1
4.1176,github.com,63.236,200,0,1
4.1177,wikipedia.org,64.143,200,0,1
4.1178,example.com,47.262,200,0,1
4.1180,google.com,94.539,200,0,1
4.1266,cloudflare.com,95.840,200,0,1
4.1296,github.com,92.694,200,0,1
4.1307,wikipedia.org,104.315,200,0,1
4.1324,example.com,89.495,200,0,1
4.1345,google.com,88.202,200,0,1
4.1353,cloudflare.com,88.076,200,0,1
4.1360,github.com,92.305,200,0,1
4.1372,wikipedia.org,106.465,200,0,1
4.1373,example.com,85.663,200,0,1
4.1374,google.com,86.362,200,0,1
4.1390,cloudflare.com,97.971,200,0,1
4.1445,github.com,96.520,200,0,1
4.1448,wikipedia.org,90.599,200,0,1
4.1456,example.com,100.094,200,0,1
4.1462,google.com,99.723,200,0,1
4.1467,cloudflare.com,96.039,200,0,1
4.1477,github.com,85.355,200,0,1
4.1487,wikipedia.org,84.621,200,0,1
4.1519,example.com,91.529,200,0,1
4.1533,google.com,103.283,200,0,1
4.1568,cloudflare.com,85.449,200,0,1
4.1623,github.com,87.759,200,0,1
4.1651,wikipedia.org,81.764,200,0,1
4.1654,example.com,81.995,200,0,1
4.1707,google.com,77.909,200,0,1
4.1739,cloudflare.com,75.632,200,0,1
4.1741,github.com,75.018,200,0,1
4.1762,wikipedia.org,65.787,200,0,1
4.1808,example.com,73.614,200,0,1
4.1819,google.com,73.262,200,0,1
4.2125,cloudflare.com,60.972,200,0,1
4.2135,github.com,49.662,200,0,1
4.2219,wikipedia.org,44.011,200,0,1
4.2223,example.com,52.892,200,0,1
4.2225,google.com,64.550,200,0,1
4.2227,cloudflare.com,56.204,200,0,1
4.2229,github.com,41.573,200,0,1
4.2233,wikipedia.org,56.752,200,0,1
4.2238,example.com,55.866,200,0,1
4.2283,google.com,65.714,200,0,1
4.2331,cloudflare.com,78.094,200,0,1
4.2333,github.com,64.298,200,0,1
4.2350,wikipedia.org,77.684,200,0,1
4.2354,example.com,63.041,200,0,1
4.2370,google.com,60.088,200,0,1
4.2410,cloudflare.com,96.973,200,0,1
4.2420,github.com,68.729,200,0,1
4.2423,wikipedia.org,66.184,200,0,1
4.2427,example.com,66.787,200,0,1
4.2434,google.com,96.967,200,0,1
4.2437,cloudflare.com,76.332,200,0,1
4.2457,github.com,76.245,200,0,1
4.2459,wikipedia.org,76.467,200,0,1
4.2469,example.com,64.998,200,0,1
4.2474,google.com,79.210,200,0,1
4.2486,cloudflare.com,79.833,200,0,1
4.2492,github.com,89.123,200,0,1
4.2495,wikipedia.org,89.634,200,0,1
4.2500,example.com,89.922,200,0,1
4.2545,google.com,84.162,200,0,1
4.2551,cloudflare.com,84.485,200,0,1
4.2566,github.com,78.312,200,0,1
4.2632,wikipedia.org,86.243,200,0,1
4.2645,example.com,60.229,200,0,1
4.2659,google.com,83.907,200,0,1
4.2735,cloudflare.com,76.503,200,0,1
4.2752,github.com,74.994,200,0,1
4.2789,wikipedia.org,66.536,200,0,1
4.2796,example.com,70.920,200,0,1
4.2801,google.com,67.458,200,0,1
4.2870,cloudflare.com,70.069,200,0,1
4.2940,github.com,69.539,200,0,1
4.2971,wikipedia.org,60.458,200,0,1
4.2976,example.com,58.472,200,0,1
4.2985,google.com,54.761,200,0,1
4.3084,cloudflare.com,64.866,200,0,1
4.3095,github.com,64.166,200,0,1
4.3107,wikipedia.org,74.899,200,0,1
4.3112,example.com,63.103,200,0,1
4.3119,google.com,72.565,200,0,1
4.3127,cloudflare.com,73.678,200,0,1
4.3200,github.com,72.200,200,0,1
4.3220,wikipedia.org,73.693,200,0,1
4.3224,example.com,74.101,200,0,1
4.3248,google.com,65.708,200,0,1
4.3266,cloudflare.com,64.199,200,0,1
4.3284,github.com,63.186,200,0,1
4.3349,wikipedia.org,87.365,200,0,1
4.3380,example.com,83.898,200,0,1
4.3383,google.com,82.715,200,0,1
4.3386,cloudflare.com,82.984,200,0,1
4.3392,github.com,82.207,200,0,1
4.3396,wikipedia.org,83.230,200,0,1
4.3400,example.com,83.234,200,0,1
4.3404,google.com,83.993,200,0,1
4.3454,cloudflare.com,66.446,200,0,1
4.3476,github.com,66.399,200,0,1
4.3494,wikipedia.org,84.127,200,0,1
4.3498,example.com,65.369,200,0,1
4.3500,google.com,73.876,200,0,1
4.3502,cloudflare.com,75.765,200,0,1
4.3506,github.com,74.979,200,0,1
4.3533,wikipedia.org,71.701,200,0,1
4.3561,example.com,77.005,200,0,1
4.3571,google.com,67.012,200,0,1
4.3575,cloudflare.com,66.126,200,0,1
4.3635,github.com,66.495,200,0,1
4.3733,wikipedia.org,100.490,200,0,1
4.3737,example.com,101.019,200,0,1
4.3743,google.com,98.154,200,0,1
4.3844,cloudflare.com,81.480,200,0,1
4.3856,github.com,87.194,200,0,1
4.3864,wikipedia.org,107.654,200,0,1
4.3905,example.com,83.726,200,0,1
4.3909,google.com,83.594,200,0,1
4.3916,cloudflare.com,102.779,200,0,1
4.3922,github.com,132.745,200,0,1
4.3957,wikipedia.org,132.816,200,0,1
4.3965,example.com,131.467,200,0,1
4.4119,google.com,104.873,200,0,1
4.4140,cloudflare.com,103.474,200,0,1
4.4152,github.com,112.273,200,0,1
4.4210,wikipedia.org,105.281,200,0,1
4.4214,example.com,113.444,200,0,1
4.4216,google.com,113.660,200,0,1
4.4219,cloudflare.com,105.114,200,0,1
4.4223,github.com,183.353,200,0,1
4.4229,wikipedia.org,133.700,200,0,1
4.4232,example.com,1171.991,200,0,1
4.4237,google.com,109.930,200,0,1
4.4239,cloudflare.com,188.178,200,0,1
4.4241,github.com,174.049,200,0,1
4.4244,wikipedia.org,195.902,200,0,1
4.4250,example.com,122.889,200,0,1
4.4255,google.com,130.439,200,0,1
4.4259,cloudflare.com,125.372,200,0,1
4.4300,github.com,98.656,200,0,1
4.4331,wikipedia.org,178.475,200,0,1
4.4336,example.com,139.612,200,0,1
4.4659,google.com,115.661,200,0,1
4.4725,cloudflare.com,124.408,200,0,1
4.4728,github.com,122.701,200,0,1
4.4738,wikipedia.org,121.259,200,0,1
4.4742,example.com,121.679,200,0,1
4.4744,google.com,114.639,200,0,1
4.4747,cloudflare.com,130.605,200,0,1
4.4940,github.com,103.957,200,0,1
4.4944,wikipedia.org,102.132,200,0,1
4.5168,example.com,80.727,200,0,1
4.5175,google.com,67.276,200,0,1
4.5250,cloudflare.com,116.467,200,0,1
4.5263,github.com,112.716,200,0,1
4.5270,wikipedia.org,113.652,200,0,1
4.5275,example.com,106.878,200,0,1
4.5280,google.com,115.283,200,0,1
4.5285,cloudflare.com,114.157,200,0,1
4.5287,github.com,108.642,200,0,1
4.5336,wikipedia.org,104.343,200,0,1
4.5348,example.com,109.139,200,0,1
4.5353,google.com,108.971,200,0,1
4.5479,cloudflare.com,87.281,200,0,1
4.5513,github.com,87.078,200,0,1
4.5560,wikipedia.org,80.565,200,0,1
4.5566,example.com,87.990,200,0,1
4.5732,google.com,115.930,200,0,1
4.5816,cloudflare.com,98.588,200,0,1
4.5848,github.com,95.955,200,0,1
4.5891,wikipedia.org,118.025,200,0,1
4.5951,example.com,104.320,200,0,1
4.5955,google.com,109.946,200,0,1
4.5959,cloudflare.com,113.693,200,0,1
4.5965,github.com,115.181,200,0,1
4.5969,wikipedia.org,112.950,200,0,1
4.5975,example.com,111.402,200,0,1
4.5980,google.com,112.481,200,0,1
4.5982,cloudflare.com,113.955,200,0,1
4.6053,github.com,109.988,200,0,1
4.6056,wikipedia.org,108.953,200,0,1
4.6116,example.com,99.909,200,0,1
4.6121,google.com,97.968,200,0,1
4.6203,cloudflare.com,97.166,200,0,1
4.6344,github.com,76.722,200,0,1
4.6352,wikipedia.org,72.902,200,0,1
4.6366,example.com,74.255,200,0,1
4.6374,google.com,79.396,200,0,1
4.6380,cloudflare.com,73.888,200,0,1
4.6384,github.com,74.062,200,0,1
4.6390,wikipedia.org,77.845,200,0,1
4.6407,example.com,1113.143,200,0,1
4.6415,google.com,70.787,200,0,1
4.6427,cloudflare.com,78.934,200,0,1
4.6434,github.com,80.491,200,0,1
4.6440,wikipedia.org,1111.214,200,0,1
4.6443,example.com,1112.921,200,0,1
4.6446,google.com,1111.916,200,0,1
4.6802,cloudflare.com,39.294,200,0,1
4.6807,github.com,48.845,200,0,1
4.6891,wikipedia.org,52.534,200,0,1
4.6994,example.com,54.636,200,0,1
4.7055,google.com,47.502,200,0,1
4.7071,cloudflare.com,49.885,200,0,1
4.7081,github.com,48.672,200,0,1
4.7089,wikipedia.org,52.541,200,0,1
4.7096,example.com,45.063,200,0,1
4.7098,google.com,66.266,200,0,1
4.7100,cloudflare.com,65.616,200,0,1
4.7105,github.com,65.894,200,0,1
4.7108,wikipedia.org,53.776,200,0,1
4.7111,example.com,52.926,200,0,1
4.7115,google.com,52.933,200,0,1
4.7117,cloudflare.com,51.537,200,0,1
4.7119,github.com,52.920,200,0,1
4.7121,wikipedia.org,64.073,200,0,1
4.7123,example.com,64.646,200,0,1
4.7125,google.com,52.600,200,0,1
4.7146,cloudflare.com,66.818,200,0,1
4.7153,github.com,63.272,200,0,1
4.7168,wikipedia.org,60.654,200,0,1
4.7169,example.com,60.312,200,0,1
4.7174,google.com,64.084,200,0,1
4.7195,cloudflare.com,55.393,200,0,1
4.7216,github.com,59.475,200,0,1
4.7239,wikipedia.org,57.973,200,0,1
4.7296,example.com,47.207,200,0,1
4.7417,google.com,48.195,200,0,1
4.7530,cloudflare.com,41.305,200,0,1
4.7541,github.com,47.866,200,0,1
4.7547,wikipedia.org,44.510,200,0,1
4.7567,example.com,43.163,200,0,1
4.7570,google.com,43.408,200,0,1
4.7615,cloudflare.com,45.358,200,0,1
4.7633,github.com,44.698,200,0,1
4.7640,wikipedia.org,42.097,200,0,1
4.7645,example.com,43.866,200,0,1
4.7646,google.com,47.545,200,0,1
4.7648,cloudflare.com,57.079,200,0,1
4.7651,github.com,57.256,200,0,1
4.7749,wikipedia.org,54.735,200,0,1
4.7757,example.com,70.888,200,0,1
4.7761,google.com,70.059,200,0,1
4.7762,cloudflare.com,80.622,200,0,1
4.7764,github.com,66.914,200,0,1
4.7768,wikipedia.org,59.684,200,0,1
4.7770,example.com,68.362,200,0,1
4.7772,google.com,67.656,200,0,1
4.7774,cloudflare.com,62.806,200,0,1
4.7786,github.com,68.957,200,0,1
4.7811,wikipedia.org,76.508,200,0,1
4.7814,example.com,91.543,200,0,1
4.7815,google.com,91.772,200,0,1
4.7819,cloudflare.com,66.046,200,0,1
4.7899,github.com,95.928,200,0,1
4.7943,wikipedia.org,69.248,200,0,1
4.7992,example.com,85.401,200,0,1
4.7999,google.com,84.194,200,0,1
4.8004,cloudflare.com,80.451,200,0,1
4.8019,github.com,95.079,200,0,1
4.8061,wikipedia.org,79.354,200,0,1
4.8068,example.com,85.037,200,0,1
4.8080,google.com,89.190,200,0,1
4.8083,cloudflare.com,85.518,200,0,1
4.8122,github.com,84.038,200,0,1
4.8219,wikipedia.org,78.069,200,0,1
4.8223,example.com,78.752,200,0,1
4.8297,google.com,69.371,200,0,1
4.8365,cloudflare.com,63.126,200,0,1
4.8402,github.com,66.499,200,0,1
4.8433,wikipedia.org,70.245,200,0,1
4.8449,example.com,63.077,200,0,1
4.8454,google.com,72.867,200,0,1
4.8462,cloudflare.com,67.822,200,0,1
4.8466,github.com,75.565,200,0,1
4.8475,wikipedia.org,62.277,200,0,1
4.8479,example.com,75.207,200,0,1
4.8569,google.com,65.703,200,0,1
4.8576,cloudflare.com,72.303,200,0,1
4.8636,github.com,54.190,200,0,1
4.8730,wikipedia.org,73.743,200,0,1
4.8733,example.com,58.653,200,0,1
4.8809,google.com,40.844,200,0,1
4.8841,cloudflare.com,52.614,200,0,1
4.8846,github.com,53.805,200,0,1
4.8855,wikipedia.org,54.042,200,0,1
4.8858,example.com,63.574,200,0,1
4.8919,google.com,55.249,200,0,1
4.8939,cloudflare.com,53.686,200,0,1
4.8962,github.com,56.927,200,0,1
4.8970,wikipedia.org,60.011,200,0,1
4.8972,example.com,57.607,200,0,1
4.8991,google.com,59.684,200,0,1
4.8996,cloudflare.com,53.977,200,0,1
4.9000,github.com,60.972,200,0,1
4.9011,wikipedia.org,61.099,200,0,1
4.9067,example.com,66.173,200,0,1
4.9080,google.com,65.511,200,0,1
4.9098,cloudflare.com,65.963,200,0,1
4.9135,github.com,63.315,200,0,1
4.9140,wikipedia.org,62.335,200,0,1
4.9178,example.com,54.172,200,0,1
4.9182,google.com,63.750,200,0,1
4.9217,cloudflare.com,54.394,200,0,1
4.9221,github.com,67.786,200,0,1
4.9226,wikipedia.org,66.720,200,0,1
4.9231,example.com,62.330,200,0,1
4.9299,google.com,61.598,200,0,1
4.9320,cloudflare.com,77.388,200,0,1
4.9367,github.com,53.743,200,0,1
4.9384,wikipedia.org,58.533,200,0,1
4.9396,example.com,61.374,200,0,1
4.9467,google.com,81.886,200,0,1
4.9471,cloudflare.com,61.565,200,0,1
4.9476,github.com,54.840,200,0,1
4.9494,wikipedia.org,76.990,200,0,1
4.9531,example.com,60.123,200,0,1
4.9536,google.com,58.612,200,0,1
4.9548,cloudflare.com,59.244,200,0,1
4.9570,github.com,71.251,200,0,1
4.9587,wikipedia.org,66.992,200,0,1
4.9609,example.com,70.076,200,0,1
4.9622,google.com,62.542,200,0,1
4.9719,cloudflare.com,57.777,200,0,1
4.9730,github.com,65.330,200,0,1
4.9735,wikipedia.org,63.554,200,0,1
4.9758,example.com,70.251,200,0,1
4.9761,google.com,60.409,200,0,1
4.9764,cloudflare.com,66.437,200,0,1
4.9769,github.com,65.733,200,0,1
4.9820,wikipedia.org,63.369,200,0,1
4.9855,example.com,65.696,200,0,1
4.9893,google.com,56.913,200,0,1
4.9899,cloudflare.com,60.844,200,0,1
4.9905,github.com,51.357,200,0,1
4.9915,wikipedia.org,58.887,200,0,1
4.9969,example.com,47.385,200,0,1
5.0009,google.com,51.482,200,0,1
5.0024,cloudflare.com,49.621,200,0,1
5.0087,github.com,47.638,200,0,1
5.0094,wikipedia.org,59.621,200,0,1
5.0122,example.com,44.609,200,0,1
5.0133,google.com,45.533,200,0,1
5.0140,cloudflare.com,44.093,200,0,1
5.0247,github.com,44.666,200,0,1
5.0257,wikipedia.org,41.902,200,0,1
5.0264,example.com,55.862,200,0,1
5.0283,google.com,49.047,200,0,1
5.0286,cloudflare.com,63.944,200,0,1
5.0297,github.com,42.572,200,0,1
5.0310,wikipedia.org,50.457,200,0,1
5.0366,example.com,45.360,200,0,1
5.0370,google.com,54.708,200,0,1
5.0384,cloudflare.com,53.492,200,0,1
5.0419,github.com,41.270,200,0,1
5.0426,wikipedia.org,59.790,200,0,1
5.0428,example.com,67.341,200,0,1
5.0443,google.com,42.322,200,0,1
5.0454,cloudflare.com,54.938,200,0,1
5.0461,github.com,54.636,200,0,1
5.0462,wikipedia.org,65.887,200,0,1
5.0504,example.com,60.743,200,0,1
5.0508,google.com,63.089,200,0,1
5.0512,cloudflare.com,67.201,200,0,1
5.0520,github.com,54.898,200,0,1
5.0524,wikipedia.org,59.203,200,0,1
5.0564,example.com,54.075,200,0,1
5.0568,google.com,54.071,200,0,1
5.0581,cloudflare.com,53.901,200,0,1
5.0588,github.com,52.295,200,0,1
5.0677,wikipedia.org,44.938,200,0,1
5.0690,example.com,66.678,200,0,1
5.0694,google.com,45.594,200,0,1
5.0723,cloudflare.com,40.875,200,0,1
5.0773,github.com,57.493,200,0,1
5.0815,wikipedia.org,53.263,200,0,1
5.0819,example.com,44.254,200,0,1
5.0823,google.com,55.608,200,0,1
5.0831,cloudflare.com,45.990,200,0,1
5.0866,github.com,46.463,200,0,1
5.0917,wikipedia.org,53.431,200,0,1
5.0919,example.com,52.563,200,0,1
5.0925,google.com,76.029,200,0,1
5.1003,cloudflare.com,66.866,200,0,1
5.1007,github.com,61.599,200,0,1
5.1024,wikipedia.org,58.873,200,0,1
5.1069,example.com,51.707,200,0,1
5.1101,google.com,61.730,200,0,1
5.1104,cloudflare.com,56.612,200,0,1
5.1109,github.com,49.592,200,0,1
5.1111,wikipedia.org,50.312,200,0,1
5.1112,example.com,58.387,200,0,1
5.1116,google.com,55.703,200,0,1
5.1120,cloudflare.com,57.815,200,0,1
5.1121,github.com,63.930,200,0,1
5.1126,wikipedia.org,54.933,200,0,1
5.1132,example.com,55.876,200,0,1
5.1139,google.com,60.806,200,0,1
5.1150,cloudflare.com,56.020,200,0,1
5.1184,github.com,66.979,200,0,1
5.1262,wikipedia.org,50.369,200,0,1
5.1291,example.com,47.288,200,0,1
5.1331,google.com,43.626,200,0,1
5.1347,cloudflare.com,47.124,200,0,1
5.1348,github.com,54.228,200,0,1
5.1357,wikipedia.org,62.753,200,0,1
5.1379,example.com,53.187,200,0,1
5.1444,google.com,52.855,200,0,1
5.1452,cloudflare.com,52.485,200,0,1
5.1586,github.com,40.653,200,0,1
5.1605,wikipedia.org,46.527,200,0,1
5.1613,example.com,68.791,200,0,1
5.1614,google.com,47.663,200,0,1
5.1623,cloudflare.com,62.358,200,0,1
5.1670,github.com,60.793,200,0,1
5.1672,wikipedia.org,69.404,200,0,1
5.1673,example.com,62.027,200,0,1
5.1675,google.com,55.243,200,0,1
5.1686,cloudflare.com,86.037,200,0,1
5.1691,github.com,60.827,200,0,1
5.1696,wikipedia.org,78.540,200,0,1
5.1698,example.com,67.914,200,0,1
5.1710,google.com,69.280,200,0,1
5.1719,cloudflare.com,86.221,200,0,1
5.1747,github.com,84.077,200,0,1
5.1760,wikipedia.org,83.002,200,0,1
5.1764,example.com,61.739,200,0,1
5.1766,google.com,62.121,200,0,1
5.1767,cloudflare.com,62.213,200,0,1
5.1819,github.com,65.761,200,0,1
5.1854,wikipedia.org,82.311,200,0,1
5.1891,example.com,78.311,200,0,1
5.1911,google.com,77.497,200,0,1
5.1973,cloudflare.com,76.993,200,0,1
5.1977,github.com,79.587,200,0,1
5.1984,wikipedia.org,77.334,200,0,1
5.1993,example.com,75.726,200,0,1
5.2070,google.com,62.177,200,0,1
5.2091,cloudflare.com,67.969,200,0,1
5.2228,github.com,73.426,200,0,1
5.2247,wikipedia.org,84.522,200,0,1
5.2279,example.com,79.576,200,0,1
5.2294,google.com,75.100,200,0,1
5.2299,cloudflare.com,71.229,200,0,1
5.2301,github.com,87.771,200,0,1
5.2366,wikipedia.org,81.828,200,0,1
5.2378,example.com,98.877,200,0,1
5.2382,google.com,78.297,200,0,1
5.2387,cloudflare.com,95.414,200,0,1
5.2390,github.com,96.018,200,0,1
5.2404,wikipedia.org,95.737,200,0,1
5.2476,example.com,86.861,200,0,1
5.2481,google.com,95.585,200,0,1
5.2546,cloudflare.com,89.364,200,0,1
5.2581,github.com,77.365,200,0,1
5.2588,wikipedia.org,92.904,200,0,1
5.2590,example.com,92.179,200,0,1
5.2674,google.com,82.473,200,0,1
5.2677,cloudflare.com,93.090,200,0,1
5.2686,github.com,90.629,200,0,1
5.2692,wikipedia.org,84.124,200,0,1
5.2743,example.com,91.189,200,0,1
5.2750,google.com,88.464,200,0,1
5.2758,cloudflare.com,107.423,200,0,1
5.2771,github.com,101.592,200,0,1
5.2773,wikipedia.org,104.684,200,0,1
5.2962,example.com,83.028,200,0,1
5.3011,google.com,77.796,200,0,1
5.3045,cloudflare.com,75.543,200,0,1
5.3074,github.com,73.562,200,0,1
5.3092,wikipedia.org,80.508,200,0,1
5.3165,example.com,64.148,200,0,1
5.3178,google.com,63.983,200,0,1
5.3184,cloudflare.com,69.893,200,0,1
5.3341,github.com,72.759,200,0,1
5.3345,wikipedia.org,56.946,200,0,1
5.3350,example.com,46.573,200,0,1
5.3355,google.com,82.006,200,0,1
5.3361,cloudflare.com,79.084,200,0,1
5.3366,github.com,79.761,200,0,1
5.3437,wikipedia.org,81.795,200,0,1
5.3440,example.com,83.615,200,0,1
5.3499,google.com,76.963,200,0,1
5.3512,cloudflare.com,68.172,200,0,1
5.3517,github.com,67.072,200,0,1
5.3533,wikipedia.org,64.530,200,0,1
5.3592,example.com,67.087,200,0,1
5.3608,google.com,67.364,200,0,1
5.3635,cloudflare.com,57.559,200,0,1
5.3655,github.com,70.354,200,0,1
5.3787,wikipedia.org,53.308,200,0,1
5.3789,example.com,49.789,200,0,1
5.3793,google.com,50.615,200,0,1
5.3800,cloudflare.com,51.232,200,0,1
5.3806,github.com,50.090,200,0,1
5.3810,wikipedia.org,54.361,200,0,1
5.3816,example.com,54.486,200,0,1
5.3818,google.com,54.739,200,0,1
5.3819,cloudflare.com,59.438,200,0,1
5.3832,github.com,62.487,200,0,1
5.3883,wikipedia.org,55.144,200,0,1
5.3897,example.com,55.286,200,0,1
5.3915,google.com,45.281,200,0,1
5.4069,cloudflare.com,47.421,200,0,1
5.4152,github.com,51.210,200,0,1
5.4164,wikipedia.org,45.118,200,0,1
5.4175,example.com,66.116,200,0,1
5.4179,google.com,45.451,200,0,1
5.4187,cloudflare.com,82.100,200,0,1
5.4194,github.com,80.822,200,0,1
5.4211,wikipedia.org,44.809,200,0,1
5.4256,example.com,68.904,200,0,1
5.4263,google.com,78.517,200,0,1
5.4269,cloudflare.com,69.320,200,0,1
5.4276,github.com,89.750,200,0,1
5.4282,wikipedia.org,79.955,200,0,1
5.4287,example.com,70.952,200,0,1
5.4299,google.com,70.613,200,0,1
5.4307,cloudflare.com,67.760,200,0,1
5.4313,github.com,70.448,200,0,1
5.4320,wikipedia.org,69.369,200,0,1
5.4354,example.com,68.330,200,0,1
5.4359,google.com,76.761,200,0,1
5.4361,cloudflare.com,68.165,200,0,1
5.4366,github.com,78.883,200,0,1
5.4367,wikipedia.org,69.926,200,0,1
5.4414,example.com,75.162,200,0,1
5.4435,google.com,76.623,200,0,1
5.4450,cloudflare.com,76.509,200,0,1
5.4457,github.com,76.589,200,0,1
5.4543,wikipedia.org,57.086,200,0,1
5.4615,example.com,54.589,200,0,1
5.4633,google.com,48.323,200,0,1
5.4659,cloudflare.com,71.380,200,0,1
5.4664,github.com,71.174,200,0,1
5.4836,wikipedia.org,64.230,200,0,1
5.4945,example.com,66.821,200,0,1
5.4962,google.com,65.395,200,0,1
5.4985,cloudflare.com,68.033,200,0,1
5.4997,github.com,70.280,200,0,1
5.5002,wikipedia.org,94.169,200,0,1
5.5005,example.com,71.202,200,0,1
5.5008,google.com,91.310,200,0,1
5.5014,cloudflare.com,74.101,200,0,1
5.5017,github.com,73.882,200,0,1
5.5037,wikipedia.org,91.185,200,0,1
5.5042,example.com,70.082,200,0,1
5.5048,google.com,89.019,200,0,1
5.5067,cloudflare.com,87.837,200,0,1
5.5081,github.com,87.870,200,0,1
5.5114,wikipedia.org,75.492,200,0,1
5.5117,example.com,83.066,200,0,1
5.5126,google.com,81.621,200,0,1
5.5155,cloudflare.com,77.695,200,0,1
5.5161,github.com,76.634,200,0,1
5.5166,wikipedia.org,79.168,200,0,1
5.5174,example.com,85.252,200,0,1
5.5201,google.com,74.490,200,0,1
5.5215,cloudflare.com,74.611,200,0,1
5.5223,github.com,84.066,200,0,1
5.5373,wikipedia.org,57.707,200,0,1
5.5376,example.com,61.798,200,0,1
5.5478,google.com,51.639,200,0,1
5.5613,cloudflare.com,53.611,200,0,1
5.5616,github.com,52.745,200,0,1
5.5665,wikipedia.org,46.413,200,0,1
5.5700,example.com,50.878,200,0,1
5.5717,google.com,50.201,200,0,1
5.5743,cloudflare.com,47.136,200,0,1
5.5755,github.com,50.820,200,0,1
5.5756,wikipedia.org,44.629,200,0,1
5.5869,example.com,47.751,200,0,1
5.5922,google.com,112.978,200,0,1
5.5928,cloudflare.com,47.571,200,0,1
5.5932,github.com,110.931,200,0,1
5.5939,wikipedia.org,112.410,200,0,1
5.5943,example.com,73.533,200,0,1
5.5944,google.com,103.155,200,0,1
5.5945,cloudflare.com,77.157,200,0,1
5.5946,github.com,84.294,200,0,1
5.5947,wikipedia.org,79.602,200,0,1
5.5949,example.com,68.098,200,0,1
5.5950,google.com,61.773,200,0,1
5.5952,cloudflare.com,161.790,200,0,1
5.5957,github.com,75.635,200,0,1
5.5960,wikipedia.org,84.024,200,0,1
5.5962,example.com,77.123,200,0,1
5.5994,google.com,99.200,200,0,1
5.5995,cloudflare.com,106.331,200,0,1
5.6026,github.com,115.438,200,0,1
5.6064,wikipedia.org,113.197,200,0,1
5.6130,example.com,96.013,200,0,1
5.6143,google.com,104.684,200,0,1
5.6149,cloudflare.com,103.590,200,0,1
5.6202,github.com,105.110,200,0,1
5.6209,wikipedia.org,112.506,200,0,1
5.6215,example.com,111.230,200,0,1
5.6219,google.com,104.264,200,0,1
5.6263,cloudflare.com,107.902,200,0,1
5.6347,github.com,87.326,200,0,1
5.6404,wikipedia.org,93.389,200,0,1
5.6568,example.com,91.400,200,0,1
5.6630,google.com,104.243,200,0,1
5.6678,cloudflare.com,110.190,200,0,1
5.6714,github.com,102.576,200,0,1
5.6718,wikipedia.org,100.509,200,0,1
5.6733,example.com,107.179,200,0,1
5.6743,google.com,97.285,200,0,1
5.6789,cloudflare.com,101.018,200,0,1
5.6800,github.com,103.413,200,0,1
5.6976,wikipedia.org,89.645,200,0,1
5.6986,example.com,74.800,200,0,1
5.7041,google.com,82.141,200,0,1
5.7051,cloudflare.com,81.415,200,0,1
5.7058,github.com,81.085,200,0,1
5.7063,wikipedia.org,79.667,200,0,1
5.7090,example.com,76.565,200,0,1
5.7181,google.com,84.728,200,0,1
5.7185,cloudflare.com,74.977,200,0,1
5.7190,github.com,82.062,200,0,1
5.7196,wikipedia.org,86.860,200,0,1
5.7220,example.com,68.399,200,0,1
5.7254,google.com,67.776,200,0,1
5.7262,cloudflare.com,65.246,200,0,1
5.7327,github.com,65.134,200,0,1
5.7334,wikipedia.org,65.532,200,0,1
5.7337,example.com,65.006,200,0,1
5.7342,google.com,64.350,200,0,1
5.7482,cloudflare.com,51.176,200,0,1
5.7539,github.com,61.071,200,0,1
5.7552,wikipedia.org,54.138,200,0,1
5.7565,example.com,53.417,200,0,1
5.7570,google.com,109.429,200,0,1
5.7572,cloudflare.com,52.365,200,0,1
5.7673,github.com,42.777,200,0,1
5.7716,wikipedia.org,45.065,200,0,1
5.7723,example.com,45.350,200,0,1
5.7734,google.com,44.868,200,0,1
5.7740,cloudflare.com,51.398,200,0,1
5.7780,github.com,48.827,200,0,1
5.7799,wikipedia.org,61.466,200,0,1
5.7805,example.com,59.735,200,0,1
5.7835,google.com,55.107,200,0,1
5.7856,cloudflare.com,46.811,200,0,1
5.7859,github.com,88.345,200,0,1
5.7863,wikipedia.org,72.516,200,0,1
5.7866,example.com,84.991,200,0,1
5.7869,google.com,83.868,200,0,1
5.7872,cloudflare.com,87.376,200,0,1
5.7904,github.com,53.157,200,0,1
5.7914,wikipedia.org,57.923,200,0,1
5.7931,example.com,65.841,200,0,1
5.7935,google.com,73.150,200,0,1
5.7978,cloudflare.com,71.884,200,0,1
5.7986,github.com,75.483,200,0,1
5.7988,wikipedia.org,74.715,200,0,1
5.7989,example.com,70.977,200,0,1
5.7994,google.com,74.491,200,0,1
5.8011,cloudflare.com,78.164,200,0,1
5.8028,github.com,93.790,200,0,1
5.8064,wikipedia.org,86.108,200,0,1
5.8094,example.com,69.193,200,0,1
5.8096,google.com,81.625,200,0,1
5.8099,cloudflare.com,81.976,200,0,1
5.8100,github.com,72.783,200,0,1
5.8149,wikipedia.org,81.445,200,0,1
5.8167,example.com,69.516,200,0,1
5.8177,google.com,72.168,200,0,1
5.8183,cloudflare.com,70.726,200,0,1
5.8254,github.com,70.867,200,0,1
5.8268,wikipedia.org,73.577,200,0,1
5.8324,example.com,59.652,200,0,1
5.8386,google.com,63.156,200,0,1
5.8402,cloudflare.com,61.361,200,0,1
5.8414,github.com,61.863,200,0,1
5.8438,wikipedia.org,51.467,200,0,1
5.8494,example.com,51.220,200,0,1
5.8588,google.com,56.709,200,0,1
5.8590,cloudflare.com,47.173,200,0,1
5.8664,github.com,137.881,200,0,1
5.8667,wikipedia.org,57.834,200,0,1
5.8697,example.com,45.984,200,0,1
5.8699,google.com,46.161,200,0,1
5.8708,cloudflare.com,73.954,200,0,1
5.8716,github.com,78.802,200,0,1
5.8735,wikipedia.org,44.818,200,0,1
5.8739,example.com,50.459,200,0,1
5.8740,google.com,50.578,200,0,1
5.8743,cloudflare.com,74.589,200,0,1
5.8746,github.com,75.930,200,0,1
5.8786,wikipedia.org,71.595,200,0,1
5.8793,example.com,72.364,200,0,1
5.8828,google.com,62.904,200,0,1
5.8862,cloudflare.com,66.080,200,0,1
5.8890,github.com,63.974,200,0,1
5.8899,wikipedia.org,64.067,200,0,1
5.8912,example.com,72.202,200,0,1
5.8919,google.com,73.211,200,0,1
5.8920,cloudflare.com,60.404,200,0,1
5.8925,github.com,72.635,200,0,1
5.8952,wikipedia.org,57.501,200,0,1
5.8962,example.com,66.349,200,0,1
5.8964,google.com,68.183,200,0,1
5.8966,cloudflare.com,68.832,200,0,1
5.9004,github.com,60.211,200,0,1
5.9006,wikipedia.org,51.968,200,0,1
5.9016,example.com,64.050,200,0,1
5.9017,google.com,62.965,200,0,1
5.9033,cloudflare.com,61.994,200,0,1
5.9062,github.com,51.166,200,0,1
5.9155,wikipedia.org,52.547,200,0,1
5.9157,example.com,49.125,200,0,1
5.9161,google.com,45.329,200,0,1
5.9183,cloudflare.com,46.652,200,0,1
5.9243,github.com,42.842,200,0,1
5.9245,wikipedia.org,54.757,200,0,1
5.9246,example.com,44.726,200,0,1
5.9447,google.com,64.658,200,0,1
5.9458,cloudflare.com,53.074,200,0,1
5.9489,github.com,68.657,200,0,1
5.9502,wikipedia.org,56.465,200,0,1
5.9504,example.com,71.073,200,0,1
5.9505,google.com,67.372,200,0,1
5.9516,cloudflare.com,56.847,200,0,1
5.9523,github.com,57.221,200,0,1
5.9524,wikipedia.org,49.739,200,0,1
5.9526,example.com,48.405,200,0,1
5.9527,google.com,56.493,200,0,1
5.9530,cloudflare.com,57.831,200,0,1
5.9539,github.com,63.787,200,0,1
5.9573,wikipedia.org,60.025,200,0,1
5.9606,example.com,71.509,200,0,1
5.9614,google.com,54.270,200,0,1
5.9626,cloudflare.com,70.193,200,0,1
5.9634,github.com,69.808,200,0,1
5.9646,wikipedia.org,74.777,200,0,1
5.9647,example.com,67.938,200,0,1
5.9648,google.com,66.954,200,0,1
5.9650,cloudflare.com,66.050,200,0,1
5.9651,github.com,67.192,200,0,1
5.9652,wikipedia.org,76.316,200,0,1
5.9653,example.com,70.384,200,0,1
5.9654,google.com,75.197,200,0,1
5.9656,cloudflare.com,71.341,200,0,1
5.9672,github.com,64.809,200,0,1
5.9680,wikipedia.org,65.415,200,0,1
5.9693,example.com,63.055,200,0,1
5.9793,google.com,61.472,200,0,1
5.9988,cloudflare.com,42.487,200,0,1
6.0010,github.com,39.058,200,0,1
6.0022,wikipedia.org,39.454,200,0,1
6.0043,example.com,64.447,200,0,1
6.0066,google.com,56.940,200,0,1
6.0085,cloudflare.com,52.379,200,0,1
6.0092,github.com,44.858,200,0,1
6.0094,wikipedia.org,58.482,200,0,1
6.0095,example.com,50.329,200,0,1
6.0108,google.com,49.509,200,0,1
6.0157,cloudflare.com,52.364,200,0,1
6.0174,github.com,50.283,200,0,1
6.0175,wikipedia.org,51.093,200,0,1
6.0177,example.com,50.472,200,0,1
6.0179,google.com,53.327,200,0,1
6.0215,cloudflare.com,75.242,200,0,1
6.0311,github.com,51.522,200,0,1
6.0318,wikipedia.org,47.310,200,0,1
6.0320,example.com,46.913,200,0,1
6.0321,google.com,54.229,200,0,1
6.0323,cloudflare.com,61.247,200,0,1
6.0324,github.com,55.146,200,0,1
6.0327,wikipedia.org,57.849,200,0,1
6.0328,example.com,60.894,200,0,1
6.0332,google.com,61.598,200,0,1
6.0335,cloudflare.com,71.116,200,0,1
6.0357,github.com,69.015,200,0,1
6.0370,wikipedia.org,67.780,200,0,1
6.0393,example.com,72.216,200,0,1
6.0400,google.com,55.520,200,0,1
6.0406,cloudflare.com,71.840,200,0,1
6.0408,github.com,71.812,200,0,1
6.0413,wikipedia.org,63.163,200,0,1
6.0415,example.com,71.734,200,0,1
6.0416,google.com,63.210,200,0,1
6.0541,cloudflare.com,50.274,200,0,1
6.0599,github.com,49.281,200,0,1
6.0603,wikipedia.org,52.553,200,0,1
6.0609,example.com,58.041,200,0,1
6.0636,google.com,59.748,200,0,1
6.0677,cloudflare.com,53.381,200,0,1
6.0679,github.com,59.186,200,0,1
6.0680,wikipedia.org,50.252,200,0,1
6.0682,example.com,54.316,200,0,1
6.0686,google.com,55.330,200,0,1
6.0688,cloudflare.com,75.036,200,0,1
6.0712,github.com,65.554,200,0,1
6.0789,wikipedia.org,51.416,200,0,1
6.0791,example.com,56.209,200,0,1
6.0826,google.com,54.604,200,0,1
6.0864,cloudflare.com,64.868,200,0,1
6.0876,github.com,57.396,200,0,1
6.0905,wikipedia.org,65.068,200,0,1
6.0935,example.com,62.271,200,0,1
6.0937,google.com,61.992,200,0,1
6.0948,cloudflare.com,67.518,200,0,1
6.0956,github.com,53.795,200,0,1
6.0967,wikipedia.org,71.588,200,0,1
6.1044,example.com,51.615,200,0,1
6.1045,google.com,62.518,200,0,1
6.1046,cloudflare.com,64.371,200,0,1
6.1047,github.com,71.117,200,0,1
6.1048,wikipedia.org,61.429,200,0,1
6.1048,example.com,51.217,200,0,1
6.1092,google.com,58.362,200,0,1
6.1116,cloudflare.com,80.183,200,0,1
6.1125,github.com,85.783,200,0,1
6.1126,wikipedia.org,63.950,200,0,1
6.1129,example.com,58.957,200,0,1
6.1132,google.com,73.319,200,0,1
6.1183,cloudflare.com,59.977,200,0,1
6.1189,github.com,67.858,200,0,1
6.1210,wikipedia.org,65.310,200,0,1
6.1225,example.com,68.397,200,0,1
6.1233,google.com,74.106,200,0,1
6.1240,cloudflare.com,70.610,200,0,1
6.1271,github.com,62.132,200,0,1
6.1303,wikipedia.org,60.526,200,0,1
6.1353,example.com,59.340,200,0,1
6.1368,google.com,64.845,200,0,1
6.1372,cloudflare.com,63.812,200,0,1
6.1438,github.com,71.384,200,0,1
6.1450,wikipedia.org,54.220,200,0,1
6.1494,example.com,54.642,200,0,1
6.1512,google.com,57.556,200,0,1
6.1556,cloudflare.com,64.521,200,0,1
6.1557,github.com,62.833,200,0,1
6.1558,wikipedia.org,62.907,200,0,1
6.1560,example.com,53.955,200,0,1
6.1561,google.com,53.970,200,0,1
6.1623,cloudflare.com,66.139,200,0,1
6.1662,github.com,65.439,200,0,1
6.1670,wikipedia.org,58.063,200,0,1
6.1675,example.com,59.218,200,0,1
6.1683,google.com,63.485,200,0,1
6.1689,cloudflare.com,67.057,200,0,1
6.1719,github.com,62.339,200,0,1
6.1758,wikipedia.org,70.107,200,0,1
6.1765,example.com,73.286,200,0,1
6.1783,google.com,65.444,200,0,1
6.1864,cloudflare.com,67.127,200,0,1
6.1866,github.com,80.323,200,0,1
6.1868,wikipedia.org,72.000,200,0,1
6.1892,example.com,61.428,200,0,1
6.1908,google.com,62.573,200,0,1
6.1909,cloudflare.com,66.056,200,0,1
6.1917,github.com,76.955,200,0,1
6.1946,wikipedia.org,67.354,200,0,1
6.1947,example.com,61.059,200,0,1
6.1974,google.com,71.107,200,0,1
6.1983,cloudflare.com,77.549,200,0,1
6.1992,github.com,62.509,200,0,1
6.2011,wikipedia.org,60.534,200,0,1
6.2016,example.com,70.088,200,0,1
6.2040,google.com,56.043,200,0,1
6.2088,cloudflare.com,67.865,200,0,1
6.2099,github.com,54.218,200,0,1
6.2100,wikipedia.org,58.388,200,0,1
6.2152,example.com,74.551,200,0,1
6.2185,google.com,63.909,200,0,1
6.2187,cloudflare.com,66.461,200,0,1
6.2201,github.com,65.448,200,0,1
6.2251,wikipedia.org,56.405,200,0,1
6.2268,example.com,55.539,200,0,1
6.2285,google.com,63.280,200,0,1
6.2316,cloudflare.com,61.917,200,0,1
6.2318,github.com,56.274,200,0,1
6.2342,wikipedia.org,51.780,200,0,1
6.2360,example.com,52.789,200,0,1
6.2437,google.com,45.233,200,0,1
6.2459,cloudflare.com,52.626,200,0,1
6.2498,github.com,52.021,200,0,1
6.2507,wikipedia.org,53.989,200,0,1
6.2534,example.com,41.539,200,0,1
6.2535,google.com,43.173,200,0,1
6.2557,cloudflare.com,40.496,200,0,1
6.2570,github.com,45.324,200,0,1
6.2588,wikipedia.org,51.743,200,0,1
6.2600,example.com,43.884,200,0,1
6.2616,google.com,47.212,200,0,1
6.2617,cloudflare.com,48.733,200,0,1
6.2619,github.com,52.810,200,0,1
6.2642,wikipedia.org,45.775,200,0,1
6.2669,example.com,60.307,200,0,1
6.2684,google.com,44.014,200,0,1
6.2686,cloudflare.com,52.901,200,0,1
6.2687,github.com,59.057,200,0,1
6.2717,wikipedia.org,59.738,200,0,1
6.2758,example.com,71.786,200,0,1
6.2767,google.com,55.462,200,0,1
6.2815,cloudflare.com,52.086,200,0,1
6.2823,github.com,51.164,200,0,1
6.2824,wikipedia.org,59.287,200,0,1
6.2852,example.com,60.462,200,0,1
6.2856,google.com,62.796,200,0,1
6.2860,cloudflare.com,56.505,200,0,1
6.2881,github.com,58.035,200,0,1
6.2888,wikipedia.org,57.906,200,0,1
6.2889,example.com,52.366,200,0,1
6.2897,google.com,65.343,200,0,1
6.2918,cloudflare.com,58.898,200,0,1
6.2936,github.com,57.336,200,0,1
6.2950,wikipedia.org,50.301,200,0,1
6.2962,example.com,48.303,200,0,1
6.2967,google.com,49.490,200,0,1
6.2985,cloudflare.com,54.837,200,0,1
6.3019,github.com,54.307,200,0,1
6.3023,wikipedia.org,48.539,200,0,1
6.3039,example.com,45.168,200,0,1
6.3046,google.com,51.971,200,0,1
6.3088,cloudflare.com,47.282,200,0,1
6.3099,github.com,45.900,200,0,1
6.3104,wikipedia.org,46.740,200,0,1
6.3105,example.com,53.657,200,0,1
6.3124,google.com,43.814,200,0,1
6.3148,cloudflare.com,54.525,200,0,1
6.3215,github.com,52.310,200,0,1
6.3272,wikipedia.org,72.952,200,0,1
6.3278,example.com,68.328,200,0,1
6.3315,google.com,58.469,200,0,1
6.3321,cloudflare.com,49.549,200,0,1
6.3335,github.com,51.877,200,0,1
6.3336,wikipedia.org,46.462,200,0,1
6.3413,example.com,58.246,200,0,1
6.3417,google.com,55.085,200,0,1
6.3425,cloudflare.com,57.403,200,0,1
6.3445,github.com,55.251,200,0,1
6.3453,wikipedia.org,56.304,200,0,1
6.3456,example.com,59.129,200,0,1
6.3461,google.com,62.579,200,0,1
6.3462,cloudflare.com,56.191,200,0,1
6.3467,github.com,59.816,200,0,1
6.3476,wikipedia.org,66.517,200,0,1
6.3484,example.com,62.255,200,0,1
6.3491,google.com,51.179,200,0,1
6.3507,cloudflare.com,58.829,200,0,1
6.3508,github.com,51.275,200,0,1
6.3509,wikipedia.org,59.496,200,0,1
6.3534,example.com,61.581,200,0,1
6.3551,google.com,71.038,200,0,1
6.3558,cloudflare.com,49.268,200,0,1
6.3561,github.com,53.072,200,0,1
6.3562,wikipedia.org,60.697,200,0,1
6.3562,example.com,50.339,200,0,1
6.3566,google.com,54.334,200,0,1
6.3572,cloudflare.com,52.562,200,0,1
6.3642,github.com,54.459,200,0,1
6.3693,wikipedia.org,52.161,200,0,1
6.3738,example.com,51.522,200,0,1
6.3800,google.com,46.180,200,0,1
6.3817,cloudflare.com,50.174,200,0,1
6.3853,github.com,45.402,200,0,1
6.3900,wikipedia.org,73.122,200,0,1
6.3961,example.com,70.903,200,0,1
6.3968,google.com,58.051,200,0,1
6.3996,cloudflare.com,58.899,200,0,1
6.3998,github.com,44.452,200,0,1
6.3999,wikipedia.org,64.079,200,0,1
6.4002,example.com,83.557,200,0,1
6.4003,google.com,50.699,200,0,1
6.4016,cloudflare.com,58.081,200,0,1
6.4021,github.com,63.738,200,0,1
6.4023,wikipedia.org,62.362,200,0,1
6.4048,example.com,76.428,200,0,1
6.4051,google.com,65.807,200,0,1
6.4065,cloudflare.com,65.873,200,0,1
6.4066,github.com,65.288,200,0,1
6.4087,wikipedia.org,76.154,200,0,1
6.4092,example.com,64.003,200,0,1
6.4095,google.com,80.630,200,0,1
6.4097,cloudflare.com,73.519,200,0,1
6.4104,github.com,83.174,200,0,1
6.4106,wikipedia.org,82.744,200,0,1
6.4110,example.com,71.395,200,0,1
6.4141,google.com,85.521,200,0,1
6.4150,cloudflare.com,75.380,200,0,1
6.4169,github.com,74.204,200,0,1
6.4186,wikipedia.org,75.950,200,0,1
6.4215,example.com,72.679,200,0,1
6.4253,google.com,74.455,200,0,1
6.4261,cloudflare.com,200.543,200,0,1
6.4262,github.com,67.575,200,0,1
6.4308,wikipedia.org,63.564,200,0,1
6.4319,example.com,68.353,200,0,1
6.4442,google.com,71.546,200,0,1
6.4510,cloudflare.com,64.697,200,0,1
6.4550,github.com,68.380,200,0,1
6.4585,wikipedia.org,56.108,200,0,1
6.4596,example.com,70.648,200,0,1
6.4631,google.com,100.229,200,0,1
6.4640,cloudflare.com,88.459,200,0,1
6.4647,github.com,88.198,200,0,1
6.4659,wikipedia.org,92.678,200,0,1
6.4670,example.com,120.944,200,0,1
6.4709,google.com,91.913,200,0,1
6.4719,cloudflare.com,92.006,200,0,1
6.4724,github.com,112.333,200,0,1
6.4732,wikipedia.org,108.649,200,0,1
6.4812,example.com,114.720,200,0,1
6.4824,google.com,103.121,200,0,1
6.4832,cloudflare.com,102.485,200,0,1
6.4837,github.com,112.929,200,0,1
6.4848,wikipedia.org,101.168,200,0,1
6.4901,example.com,105.241,200,0,1
6.4903,google.com,106.191,200,0,1
6.4911,cloudflare.com,99.096,200,0,1
6.4934,github.com,101.416,200,0,1
6.4936,wikipedia.org,102.524,200,0,1
6.4938,example.com,103.611,200,0,1
6.4941,google.com,102.754,200,0,1
6.4943,cloudflare.com,92.065,200,0,1
6.4946,github.com,101.687,200,0,1
6.4997,wikipedia.org,101.570,200,0,1
6.4998,example.com,100.689,200,0,1
6.5002,google.com,100.338,200,0,1
6.5146,cloudflare.com,79.975,200,0,1
6.5157,github.com,75.832,200,0,1
6.5158,wikipedia.org,78.211,200,0,1
6.5234,example.com,77.254,200,0,1
6.5303,google.com,66.814,200,0,1
6.5524,cloudflare.com,48.706,200,0,1
6.5529,github.com,50.322,200,0,1
6.5585,wikipedia.org,46.776,200,0,1
6.5629,example.com,42.779,200,0,1
6.5634,google.com,57.133,200,0,1
6.5639,cloudflare.com,42.113,200,0,1
6.5818,github.com,43.694,200,0,1
6.5847,wikipedia.org,55.543,200,0,1
6.5855,example.com,68.873,200,0,1
6.5857,google.com,43.808,200,0,1
6.5860,cloudflare.com,70.932,200,0,1
6.5864,github.com,41.879,200,0,1
6.5880,wikipedia.org,76.231,200,0,1
6.5902,example.com,55.504,200,0,1
6.5915,google.com,42.146,200,0,1
6.5940,cloudflare.com,59.760,200,0,1
6.5946,github.com,60.916,200,0,1
6.5948,wikipedia.org,68.855,200,0,1
6.5954,example.com,69.372,200,0,1
6.5959,google.com,82.263,200,0,1
6.5961,cloudflare.com,81.846,200,0,1
6.5963,github.com,68.969,200,0,1
6.5965,wikipedia.org,78.859,200,0,1
6.5966,example.com,80.999,200,0,1
6.5969,google.com,72.049,200,0,1
6.5971,cloudflare.com,59.415,200,0,1
6.5974,github.com,68.214,200,0,1
6.6005,wikipedia.org,76.125,200,0,1
6.6006,example.com,75.078,200,0,1
6.6007,google.com,74.447,200,0,1
6.6012,cloudflare.com,67.297,200,0,1
6.6012,github.com,85.467,200,0,1
6.6032,wikipedia.org,64.870,200,0,1
6.6053,example.com,73.374,200,0,1
6.6056,google.com,71.615,200,0,1
6.6060,cloudflare.com,60.300,200,0,1
6.6205,github.com,75.034,200,0,1
6.6255,wikipedia.org,56.432,200,0,1
6.6267,example.com,127.213,200,0,1
6.6283,google.com,65.868,200,0,1
6.6295,cloudflare.com,69.540,200,0,1
6.6337,github.com,64.637,200,0,1
6.6403,wikipedia.org,65.881,200,0,1
6.6457,example.com,65.366,200,0,1
6.6538,google.com,55.422,200,0,1
6.6544,cloudflare.com,71.343,200,0,1
6.6555,github.com,53.310,200,0,1
6.6565,wikipedia.org,66.848,200,0,1
6.6569,example.com,73.767,200,0,1
6.6637,google.com,72.418,200,0,1
6.6642,cloudflare.com,84.695,200,0,1
6.6648,github.com,73.737,200,0,1
6.6652,wikipedia.org,71.827,200,0,1
6.6656,example.com,67.704,200,0,1
6.6663,google.com,63.752,200,0,1
6.6681,cloudflare.com,69.550,200,0,1
6.6685,github.com,73.473,200,0,1
6.6690,wikipedia.org,74.331,200,0,1
6.6751,example.com,74.814,200,0,1
6.6754,google.com,74.733,200,0,1
6.6756,cloudflare.com,75.106,200,0,1
6.6766,github.com,71.465,200,0,1
6.6773,wikipedia.org,63.579,200,0,1
6.6777,example.com,75.979,200,0,1
6.6780,google.com,75.487,200,0,1
6.6782,cloudflare.com,74.649,200,0,1
6.6787,github.com,64.029,200,0,1
6.6820,wikipedia.org,64.159,200,0,1
6.6867,example.com,70.506,200,0,1
6.6943,google.com,53.557,200,0,1
6.6956,cloudflare.com,54.856,200,0,1
6.6983,github.com,48.699,200,0,1
6.6991,wikipedia.org,52.731,200,0,1
6.7062,example.com,49.249,200,0,1
6.7088,google.com,44.535,200,0,1
6.7092,cloudflare.com,44.315,200,0,1
6.7111,github.com,53.640,200,0,1
6.7234,wikipedia.org,47.263,200,0,1
6.7257,example.com,55.395,200,0,1
6.7301,google.com,42.163,200,0,1
6.7307,cloudflare.com,66.290,200,0,1
6.7334,github.com,47.352,200,0,1
6.7361,wikipedia.org,54.316,200,0,1
6.7371,example.com,52.431,200,0,1
6.7377,google.com,49.750,200,0,1
6.7385,cloudflare.com,65.508,200,0,1
6.7408,github.com,54.862,200,0,1
6.7419,wikipedia.org,56.999,200,0,1
6.7427,example.com,58.559,200,0,1
6.7433,google.com,73.447,200,0,1
6.7461,cloudflare.com,55.968,200,0,1
6.7470,github.com,53.251,200,0,1
6.7478,wikipedia.org,61.629,200,0,1
6.7481,example.com,70.518,200,0,1
6.7489,google.com,73.768,200,0,1
6.7499,cloudflare.com,66.512,200,0,1
6.7501,github.com,71.861,200,0,1
6.7504,wikipedia.org,67.666,200,0,1
6.7508,example.com,69.407,200,0,1
6.7518,google.com,64.208,200,0,1
6.7529,cloudflare.com,70.100,200,0,1
6.7534,github.com,61.877,200,0,1
6.7535,wikipedia.org,70.219,200,0,1
6.7535,example.com,61.203,200,0,1
6.7536,google.com,73.381,200,0,1
6.7539,cloudflare.com,70.247,200,0,1
6.7555,github.com,63.429,200,0,1
6.7572,wikipedia.org,73.554,200,0,1
6.7647,example.com,68.311,200,0,1
6.7707,google.com,56.979,200,0,1
6.7723,cloudflare.com,54.255,200,0,1
6.7807,github.com,52.913,200,0,1
6.7811,wikipedia.org,57.937,200,0,1
6.7874,example.com,52.072,200,0,1
6.7895,google.com,58.186,200,0,1
6.7904,cloudflare.com,58.207,200,0,1
6.7957,github.com,45.885,200,0,1
6.7970,wikipedia.org,62.430,200,0,1
6.7989,example.com,48.002,200,0,1
6.8003,google.com,41.641,200,0,1
6.8013,cloudflare.com,50.346,200,0,1
6.8021,github.com,57.110,200,0,1
6.8040,wikipedia.org,60.231,200,0,1
6.8095,example.com,50.022,200,0,1
6.8148,google.com,45.406,200,0,1
6.8152,cloudflare.com,49.682,200,0,1
6.8160,github.com,53.954,200,0,1
6.8164,wikipedia.org,64.397,200,0,1
6.8167,example.com,55.882,200,0,1
6.8181,google.com,62.924,200,0,1
6.8186,cloudflare.com,57.947,200,0,1
6.8189,github.com,62.330,200,0,1
6.8202,wikipedia.org,59.349,200,0,1
6.8220,example.com,56.888,200,0,1
6.8227,google.com,63.053,200,0,1
6.8230,cloudflare.com,57.362,200,0,1
6.8237,github.com,56.900,200,0,1
6.8242,wikipedia.org,63.047,200,0,1
6.8265,example.com,46.803,200,0,1
6.8270,google.com,67.394,200,0,1
6.8277,cloudflare.com,52.393,200,0,1
6.8309,github.com,68.984,200,0,1
6.8331,wikipedia.org,60.465,200,0,1
6.8337,example.com,54.726,200,0,1
6.8391,google.com,57.072,200,0,1
6.8395,cloudflare.com,52.050,200,0,1
6.8416,github.com,48.380,200,0,1
6.8419,wikipedia.org,47.806,200,0,1
6.8470,example.com,51.870,200,0,1
6.8477,google.com,56.180,200,0,1
6.8486,cloudflare.com,58.146,200,0,1
6.8517,github.com,58.109,200,0,1
6.8592,wikipedia.org,55.687,200,0,1
6.8594,example.com,62.691,200,0,1
6.8595,google.com,54.802,200,0,1
6.8602,cloudflare.com,50.281,200,0,1
6.8643,github.com,64.141,200,0,1
6.8650,wikipedia.org,53.987,200,0,1
6.8700,example.com,53.796,200,0,1
6.8726,google.com,58.000,200,0,1
6.8733,cloudflare.com,54.051,200,0,1
6.8765,github.com,58.611,200,0,1
6.8789,wikipedia.org,58.614,200,0,1
6.8795,example.com,58.370,200,0,1
6.8801,google.com,49.285,200,0,1
6.8803,cloudflare.com,60.867,200,0,1
6.8806,github.com,59.475,200,0,1
6.8808,wikipedia.org,56.192,200,0,1
6.8810,example.com,55.295,200,0,1
6.8812,google.com,57.264,200,0,1
6.8858,cloudflare.com,76.612,200,0,1
6.8872,github.com,74.780,200,0,1
6.8884,wikipedia.org,48.190,200,0,1
6.8897,example.com,44.460,200,0,1
6.8901,google.com,52.604,200,0,1
6.8916,cloudflare.com,52.879,200,0,1
6.8935,github.com,67.297,200,0,1
6.8944,wikipedia.org,72.769,200,0,1
6.8962,example.com,63.308,200,0,1
6.8988,google.com,54.102,200,0,1
6.8998,cloudflare.com,67.936,200,0,1
6.9039,github.com,57.546,200,0,1
6.9068,wikipedia.org,59.971,200,0,1
6.9098,example.com,53.012,200,0,1
6.9104,google.com,48.293,200,0,1
6.9144,cloudflare.com,49.089,200,0,1
6.9149,github.com,48.655,200,0,1
6.9190,wikipedia.org,43.644,200,0,1
6.9222,example.com,66.682,200,0,1
6.9238,google.com,44.981,200,0,1
6.9274,cloudflare.com,40.929,200,0,1
6.9284,github.com,60.909,200,0,1
6.9294,wikipedia.org,43.673,200,0,1
6.9306,example.com,57.232,200,0,1
6.9342,google.com,41.700,200,0,1
6.9352,cloudflare.com,59.578,200,0,1
6.9363,github.com,61.329,200,0,1
6.9366,wikipedia.org,49.195,200,0,1
6.9370,example.com,57.089,200,0,1
6.9375,google.com,62.177,200,0,1
6.9379,cloudflare.com,55.617,200,0,1
6.9385,github.com,58.488,200,0,1
6.9401,wikipedia.org,60.581,200,0,1
6.9412,example.com,58.184,200,0,1
6.9427,google.com,47.565,200,0,1
6.9445,cloudflare.com,46.420,200,0,1
6.9530,github.com,47.178,200,0,1
6.9588,wikipedia.org,46.149,200,0,1
6.9595,example.com,60.033,200,0,1
6.9608,google.com,53.203,200,0,1
6.9615,cloudflare.com,50.558,200,0,1
6.9620,github.com,68.731,200,0,1
6.9624,wikipedia.org,66.998,200,0,1
6.9626,example.com,44.070,200,0,1
6.9628,google.com,44.676,200,0,1
6.9634,cloudflare.com,43.808,200,0,1
6.9636,github.com,42.219,200,0,1
6.9668,wikipedia.org,55.948,200,0,1
6.9672,example.com,61.271,200,0,1
6.9678,google.com,67.439,200,0,1
6.9683,cloudflare.com,49.977,200,0,1
6.9688,github.com,53.234,200,0,1
6.9731,wikipedia.org,49.349,200,0,1
6.9759,example.com,45.746,200,0,1
6.9858,google.com,43.029,200,0,1
6.9879,cloudflare.com,64.063,200,0,1
6.9888,github.com,62.221,200,0,1
6.9893,wikipedia.org,52.760,200,0,1
6.9903,example.com,44.255,200,0,1
6.9909,google.com,49.872,200,0,1
6.9935,cloudflare.com,58.316,200,0,1
6.9941,github.com,57.955,200,0,1
6.9947,wikipedia.org,57.510,200,0,1
6.9970,example.com,63.310,200,0,1
6.9976,google.com,74.712,200,0,1
6.9994,cloudflare.com,71.860,200,0,1
6.9997,github.com,71.921,200,0,1
7.0001,wikipedia.org,60.038,200,0,1
7.0007,example.com,71.181,200,0,1
7.0049,google.com,53.645,200,0,1
7.0058,cloudflare.com,64.254,200,0,1
7.0067,github.com,64.688,200,0,1
7.0073,wikipedia.org,62.690,200,0,1
7.0075,example.com,64.739,200,0,1
7.0120,google.com,68.232,200,0,1
7.0141,cloudflare.com,65.954,200,0,1
7.0183,github.com,62.068,200,0,1
7.0195,wikipedia.org,74.676,200,0,1
7.0217,example.com,58.439,200,0,1
7.0220,google.com,71.633,200,0,1
7.0225,cloudflare.com,72.110,200,0,1
7.0227,github.com,81.557,200,0,1
7.0285,wikipedia.org,80.942,200,0,1
7.0288,example.com,65.539,200,0,1
7.0294,google.com,74.783,200,0,1
7.0307,cloudflare.com,83.249,200,0,1
7.0345,github.com,59.541,200,0,1
7.0352,wikipedia.org,77.614,200,0,1
7.0408,example.com,63.017,200,0,1
7.0421,google.com,71.806,200,0,1
7.0511,cloudflare.com,67.636,200,0,1
7.0518,github.com,66.737,200,0,1
7.0520,wikipedia.org,66.848,200,0,1
7.0521,example.com,67.253,200,0,1
7.0523,google.com,67.184,200,0,1
7.0586,cloudflare.com,49.669,200,0,1
7.0602,github.com,61.420,200,0,1
7.0603,wikipedia.org,60.061,200,0,1
7.0700,example.com,54.540,200,0,1
7.0701,google.com,59.403,200,0,1
7.0713,cloudflare.com,70.896,200,0,1
7.0714,github.com,58.746,200,0,1
7.0716,wikipedia.org,70.210,200,0,1
7.0719,example.com,60.274,200,0,1
7.0722,google.com,61.677,200,0,1
7.0724,cloudflare.com,64.622,200,0,1
7.0800,github.com,64.369,200,0,1
7.0801,wikipedia.org,52.515,200,0,1
7.0803,example.com,63.994,200,0,1
7.0804,google.com,51.218,200,0,1
7.0937,cloudflare.com,48.712,200,0,1
7.0941,github.com,48.546,200,0,1
7.0942,wikipedia.org,54.120,200,0,1
7.0944,example.com,45.487,200,0,1
7.0946,google.com,45.467,200,0,1
7.1038,cloudflare.com,47.439,200,0,1
7.1042,github.com,61.862,200,0,1
7.1043,wikipedia.org,60.254,200,0,1
7.1082,example.com,46.034,200,0,1
7.1094,google.com,61.071,200,0,1
7.1129,cloudflare.com,67.533,200,0,1
7.1139,github.com,54.334,200,0,1
7.1140,wikipedia.org,67.615,200,0,1
7.1186,example.com,54.817,200,0,1
7.1187,google.com,61.278,200,0,1
7.1188,cloudflare.com,54.086,200,0,1
7.1194,github.com,52.656,200,0,1
7.1194,wikipedia.org,56.264,200,0,1
7.1204,example.com,59.927,200,0,1
7.1216,google.com,50.553,200,0,1
7.1245,cloudflare.com,47.994,200,0,1
7.1295,github.com,50.626,200,0,1
7.1301,wikipedia.org,48.815,200,0,1
7.1316,example.com,47.409,200,0,1
7.1322,google.com,69.455,200,0,1
7.1326,cloudflare.com,46.162,200,0,1
7.1339,github.com,59.882,200,0,1
7.1370,wikipedia.org,68.806,200,0,1
7.1399,example.com,52.453,200,0,1
7.1401,google.com,53.344,200,0,1
7.1418,cloudflare.com,64.735,200,0,1
7.1422,github.com,59.656,200,0,1
7.1424,wikipedia.org,56.241,200,0,1
7.1426,example.com,49.859,200,0,1
7.1443,google.com,62.760,200,0,1
7.1444,cloudflare.com,68.500,200,0,1
7.1483,github.com,60.927,200,0,1
7.1512,wikipedia.org,54.180,200,0,1
7.1543,example.com,51.671,200,0,1
7.1646,google.com,58.729,200,0,1
7.1660,cloudflare.com,66.404,200,0,1
7.1682,github.com,55.376,200,0,1
7.1705,wikipedia.org,64.121,200,0,1
7.1720,example.com,57.327,200,0,1
7.1722,google.com,51.648,200,0,1
7.1725,cloudflare.com,50.245,200,0,1
7.1729,github.com,53.320,200,0,1
7.1734,wikipedia.org,58.568,200,0,1
7.1757,example.com,58.783,200,0,1
7.1788,google.com,45.535,200,0,1
7.1789,cloudflare.com,50.680,200,0,1
7.1790,github.com,46.121,200,0,1
7.1800,wikipedia.org,58.346,200,0,1
7.1801,example.com,53.743,200,0,1
7.1803,google.com,54.539,200,0,1
7.1804,cloudflare.com,66.242,200,0,1
7.1816,github.com,69.187,200,0,1
7.1923,wikipedia.org,45.304,200,0,1
7.1925,example.com,42.296,200,0,1
7.1934,google.com,46.735,200,0,1
7.1938,cloudflare.com,52.234,200,0,1
7.1987,github.com,46.893,200,0,1
7.2016,wikipedia.org,65.524,200,0,1
7.2018,example.com,66.600,200,0,1
7.2054,google.com,51.896,200,0,1
7.2058,cloudflare.com,56.894,200,0,1
7.2060,github.com,50.714,200,0,1
7.2066,wikipedia.org,56.342,200,0,1
7.2071,example.com,61.579,200,0,1
7.2093,google.com,58.642,200,0,1
7.2129,cloudflare.com,57.106,200,0,1
7.2227,github.com,47.538,200,0,1
7.2233,wikipedia.org,56.520,200,0,1
7.2236,example.com,54.988,200,0,1
7.2238,google.com,47.555,200,0,1
7.2243,cloudflare.com,45.337,200,0,1
7.2251,github.com,47.305,200,0,1
7.2262,wikipedia.org,51.678,200,0,1
7.2293,example.com,52.131,200,0,1
7.2296,google.com,40.893,200,0,1
7.2320,cloudflare.com,51.922,200,0,1
7.2324,github.com,65.519,200,0,1
7.2339,wikipedia.org,45.399,200,0,1
7.2345,example.com,52.712,200,0,1
7.2346,google.com,68.133,200,0,1
7.2348,cloudflare.com,42.002,200,0,1
7.2348,github.com,63.329,200,0,1
7.2376,wikipedia.org,58.384,200,0,1
7.2384,example.com,59.991,200,0,1
7.2401,google.com,57.135,200,0,1
7.2456,cloudflare.com,53.029,200,0,1
7.2460,github.com,51.680,200,0,1
7.2466,wikipedia.org,64.413,200,0,1
7.2508,example.com,68.916,200,0,1
7.2567,google.com,43.024,200,0,1
7.2573,cloudflare.com,47.690,200,0,1
7.2627,github.com,80.379,200,0,1
7.2629,wikipedia.org,62.776,200,0,1
7.2672,example.com,71.120,200,0,1
7.2679,google.com,79.871,200,0,1
7.2684,cloudflare.com,68.907,200,0,1
7.2686,github.com,67.520,200,0,1
7.2697,wikipedia.org,58.114,200,0,1
7.2700,example.com,73.283,200,0,1
7.2703,google.com,65.317,200,0,1
7.2705,cloudflare.com,66.629,200,0,1
7.2714,github.com,73.194,200,0,1
7.2724,wikipedia.org,67.237,200,0,1
7.2768,example.com,65.105,200,0,1
7.2779,google.com,73.582,200,0,1
7.2786,cloudflare.com,80.282,200,0,1
7.2793,github.com,69.793,200,0,1
7.2798,wikipedia.org,78.814,200,0,1
7.2815,example.com,76.106,200,0,1
7.2839,google.com,74.514,200,0,1
7.2872,cloudflare.com,70.880,200,0,1
7.2966,github.com,55.705,200,0,1
7.2973,wikipedia.org,57.263,200,0,1
7.2977,example.com,62.399,200,0,1
7.2980,google.com,68.420,200,0,1
7.2982,cloudflare.com,62.758,200,0,1
7.2983,github.com,66.123,200,0,1
7.2986,wikipedia.org,60.985,200,0,1
7.2997,example.com,61.007,200,0,1
7.3028,google.com,70.707,200,0,1
7.3050,cloudflare.com,55.505,200,0,1
7.3111,github.com,66.907,200,0,1
7.3197,wikipedia.org,61.332,200,0,1
7.3257,example.com,52.959,200,0,1
7.3278,google.com,42.584,200,0,1
7.3356,cloudflare.com,46.635,200,0,1
7.3362,github.com,55.095,200,0,1
7.3372,wikipedia.org,44.896,200,0,1
7.3373,example.com,57.830,200,0,1
7.3383,google.com,58.078,200,0,1
7.3397,cloudflare.com,46.627,200,0,1
7.3419,github.com,44.065,200,0,1
7.3431,wikipedia.org,58.949,200,0,1
7.3433,example.com,57.340,200,0,1
7.3446,google.com,45.335,200,0,1
7.3478,cloudflare.com,56.204,200,0,1
7.3491,github.com,47.953,200,0,1
7.3515,wikipedia.org,63.096,200,0,1
7.3524,example.com,52.870,200,0,1
7.3545,google.com,50.150,200,0,1
7.3576,cloudflare.com,59.984,200,0,1
7.3581,github.com,66.262,200,0,1
7.3584,wikipedia.org,60.082,200,0,1
7.3586,example.com,60.465,200,0,1
7.3589,google.com,65.660,200,0,1
7.3596,cloudflare.com,56.440,200,0,1
7.3601,github.com,55.166,200,0,1
7.3605,wikipedia.org,54.464,200,0,1
7.3607,example.com,52.044,200,0,1
7.3609,google.com,55.421,200,0,1
7.3645,cloudflare.com,53.439,200,0,1
7.3664,github.com,59.909,200,0,1
7.3704,wikipedia.org,46.375,200,0,1
7.3735,example.com,59.189,200,0,1
7.3780,google.com,58.853,200,0,1
7.3787,cloudflare.com,52.860,200,0,1
7.3811,github.com,59.187,200,0,1
7.3821,wikipedia.org,42.726,200,0,1
7.3823,example.com,42.820,200,0,1
7.3860,google.com,39.944,200,0,1
7.3863,cloudflare.com,39.256,200,0,1
7.3899,github.com,44.091,200,0,1
7.3913,wikipedia.org,48.032,200,0,1
7.3952,example.com,49.047,200,0,1
7.3964,google.com,52.815,200,0,1
7.3970,cloudflare.com,43.561,200,0,1
7.4006,github.com,50.450,200,0,1
7.4020,wikipedia.org,51.010,200,0,1
7.4040,example.com,55.457,200,0,1
7.4047,google.com,39.932,200,0,1
7.4052,cloudflare.com,41.040,200,0,1
7.4128,github.com,45.753,200,0,1
7.4146,wikipedia.org,59.036,200,0,1
7.4150,example.com,46.610,200,0,1
7.4153,google.com,47.777,200,0,1
7.4160,cloudflare.com,45.901,200,0,1
7.4164,github.com,57.805,200,0,1
7.4168,wikipedia.org,43.256,200,0,1
7.4176,example.com,54.574,200,0,1
7.4179,google.com,59.420,200,0,1
7.4185,cloudflare.com,54.309,200,0,1
7.4191,github.com,54.851,200,0,1
7.4244,wikipedia.org,60.063,200,0,1
7.4246,example.com,60.580,200,0,1
7.4248,google.com,50.825,200,0,1
7.4251,cloudflare.com,51.032,200,0,1
7.4256,github.com,47.826,200,0,1
7.4259,wikipedia.org,49.372,200,0,1
7.4263,example.com,60.333,200,0,1
7.4315,google.com,56.523,200,0,1
7.4327,cloudflare.com,59.577,200,0,1
7.4340,github.com,48.087,200,0,1
7.4368,wikipedia.org,59.230,200,0,1
7.4393,example.com,51.815,200,0,1
7.4403,google.com,60.030,200,0,1
7.4406,cloudflare.com,43.011,200,0,1
7.4442,github.com,50.521,200,0,1
7.4446,wikipedia.org,42.599,200,0,1
7.4463,example.com,42.167,200,0,1
7.4492,google.com,50.882,200,0,1
7.4511,cloudflare.com,49.694,200,0,1
7.4531,github.com,53.373,200,0,1
7.4585,wikipedia.org,39.141,200,0,1
7.4595,example.com,58.210,200,0,1
7.4600,google.com,39.272,200,0,1
7.4616,cloudflare.com,49.332,200,0,1
7.4619,github.com,50.455,200,0,1
7.4631,wikipedia.org,49.976,200,0,1
7.4722,example.com,54.827,200,0,1
7.4728,google.com,55.075,200,0,1
7.4734,cloudflare.com,44.125,200,0,1
7.4736,github.com,50.296,200,0,1
7.4740,wikipedia.org,54.223,200,0,1
7.4742,example.com,51.420,200,0,1
7.4753,google.com,41.120,200,0,1
7.4756,cloudflare.com,44.664,200,0,1
7.4761,github.com,43.107,200,0,1
7.4774,wikipedia.org,68.537,200,0,1
7.4821,example.com,42.560,200,0,1
7.4836,google.com,44.969,200,0,1
7.4844,cloudflare.com,52.457,200,0,1
7.4852,github.com,52.016,200,0,1
7.4867,wikipedia.org,72.320,200,0,1
7.4872,example.com,51.375,200,0,1
7.4881,google.com,68.577,200,0,1
7.4884,cloudflare.com,56.059,200,0,1
7.4911,github.com,71.458,200,0,1
7.4922,wikipedia.org,81.274,200,0,1
7.4948,example.com,73.745,200,0,1
7.4961,google.com,78.688,200,0,1
7.4977,cloudflare.com,63.322,200,0,1
7.4993,github.com,62.265,200,0,1
7.5001,wikipedia.org,69.032,200,0,1
7.5003,example.com,74.724,200,0,1
7.5008,google.com,73.668,200,0,1
7.5064,cloudflare.com,67.606,200,0,1
7.5110,github.com,56.923,200,0,1
7.5124,wikipedia.org,53.774,200,0,1
7.5131,example.com,54.432,200,0,1
7.5164,google.com,48.381,200,0,1
7.5175,cloudflare.com,47.429,200,0,1
7.5177,github.com,59.957,200,0,1
7.5192,wikipedia.org,53.352,200,0,1
7.5203,example.com,52.575,200,0,1
7.5239,google.com,57.130,200,0,1
7.5247,cloudflare.com,52.108,200,0,1
7.5256,github.com,54.703,200,0,1
7.5271,wikipedia.org,60.391,200,0,1
7.5279,example.com,60.312,200,0,1
7.5282,google.com,61.258,200,0,1
7.5286,cloudflare.com,52.767,200,0,1
7.5369,github.com,58.013,200,0,1
7.5372,wikipedia.org,60.584,200,0,1
7.5386,example.com,48.484,200,0,1
7.5445,google.com,44.401,200,0,1
7.5459,cloudflare.com,53.739,200,0,1
7.5567,github.com,55.479,200,0,1
7.5590,wikipedia.org,65.015,200,0,1
7.5610,example.com,47.214,200,0,1
7.5616,google.com,51.184,200,0,1
7.5626,cloudflare.com,61.029,200,0,1
7.5648,github.com,57.318,200,0,1
7.5650,wikipedia.org,58.824,200,0,1
7.5662,example.com,56.826,200,0,1
7.5675,google.com,55.896,200,0,1
7.5679,cloudflare.com,55.617,200,0,1
7.5685,github.com,55.402,200,0,1
7.5692,wikipedia.org,55.683,200,0,1
7.5726,example.com,55.743,200,0,1
7.5729,google.com,55.219,200,0,1
7.5735,cloudflare.com,75.797,200,0,1
7.5741,github.com,68.582,200,0,1
7.5745,wikipedia.org,55.823,200,0,1
7.5748,example.com,78.038,200,0,1
7.5750,google.com,78.138,200,0,1
7.5768,cloudflare.com,53.871,200,0,1
7.5776,github.com,66.069,200,0,1
7.5803,wikipedia.org,67.811,200,0,1
7.5811,example.com,67.533,200,0,1
7.5813,google.com,62.750,200,0,1
7.5871,cloudflare.com,60.453,200,0,1
7.5875,github.com,64.336,200,0,1
7.5882,wikipedia.org,67.180,200,0,1
7.5889,example.com,57.041,200,0,1
7.5894,google.com,67.710,200,0,1
7.5949,cloudflare.com,61.004,200,0,1
7.5978,github.com,63.086,200,0,1
7.5997,wikipedia.org,58.352,200,0,1
7.6082,example.com,48.423,200,0,1
7.6121,google.com,53.766,200,0,1
7.6128,cloudflare.com,53.897,200,0,1
7.6221,github.com,43.487,200,0,1
7.6230,wikipedia.org,50.691,200,0,1
7.6234,example.com,54.694,200,0,1
7.6235,google.com,48.252,200,0,1
7.6236,cloudflare.com,57.395,200,0,1
7.6238,github.com,47.369,200,0,1
7.6239,wikipedia.org,61.772,200,0,1
7.6240,example.com,78.648,200,0,1
7.6248,google.com,57.292,200,0,1
7.6281,cloudflare.com,56.991,200,0,1
7.6283,github.com,58.297,200,0,1
7.6303,wikipedia.org,60.603,200,0,1
7.6307,example.com,64.081,200,0,1
7.6426,google.com,55.912,200,0,1
7.6437,cloudflare.com,60.539,200,0,1
7.6441,github.com,51.047,200,0,1
7.6460,wikipedia.org,44.634,200,0,1
7.6476,example.com,51.231,200,0,1
7.6481,google.com,61.147,200,0,1
7.6486,cloudflare.com,68.730,200,0,1
7.6493,github.com,81.979,200,0,1
7.6518,wikipedia.org,53.254,200,0,1
7.6528,example.com,84.197,200,0,1
7.6532,google.com,82.786,200,0,1
7.6554,cloudflare.com,59.027,200,0,1
7.6559,github.com,73.459,200,0,1
7.6567,wikipedia.org,64.434,200,0,1
7.6572,example.com,78.592,200,0,1
7.6580,google.com,79.371,200,0,1
7.6609,cloudflare.com,73.838,200,0,1
7.6656,github.com,60.339,200,0,1
7.6659,wikipedia.org,70.564,200,0,1
7.6667,example.com,60.810,200,0,1
7.6712,google.com,63.718,200,0,1
7.6718,cloudflare.com,65.881,200,0,1
7.6737,github.com,61.421,200,0,1
7.6781,wikipedia.org,59.893,200,0,1
7.6810,example.com,65.133,200,0,1
7.6821,google.com,67.220,200,0,1
7.6851,cloudflare.com,66.085,200,0,1
7.6857,github.com,82.972,200,0,1
7.6866,wikipedia.org,53.793,200,0,1
7.6906,example.com,59.738,200,0,1
7.6909,google.com,79.263,200,0,1
7.6948,cloudflare.com,57.533,200,0,1
7.6952,github.com,57.625,200,0,1
7.6986,wikipedia.org,71.727,200,0,1
7.6988,example.com,53.652,200,0,1
7.7027,google.com,67.868,200,0,1
7.7043,cloudflare.com,66.386,200,0,1
7.7051,github.com,65.286,200,0,1
7.7093,wikipedia.org,72.659,200,0,1
7.7144,example.com,64.400,200,0,1
7.7173,google.com,64.905,200,0,1
7.7211,cloudflare.com,54.374,200,0,1
7.7260,github.com,55.845,200,0,1
7.7275,wikipedia.org,52.695,200,0,1
7.7294,example.com,67.989,200,0,1
7.7313,google.com,84.179,200,0,1
7.7347,cloudflare.com,73.779,200,0,1
7.7349,github.com,56.551,200,0,1
7.7351,wikipedia.org,57.072,200,0,1
7.7358,example.com,65.234,200,0,1
7.7360,google.com,78.417,200,0,1
7.7365,cloudflare.com,71.702,200,0,1
7.7370,github.com,77.855,200,0,1
7.7374,wikipedia.org,86.723,200,0,1
7.7377,example.com,65.455,200,0,1
7.7380,google.com,66.251,200,0,1
7.7404,cloudflare.com,64.862,200,0,1
7.7462,github.com,63.065,200,0,1
7.7494,wikipedia.org,76.297,200,0,1
7.7504,example.com,74.523,200,0,1
7.7512,google.com,81.579,200,0,1
7.7523,cloudflare.com,71.221,200,0,1
7.7525,github.com,73.423,200,0,1
7.7528,wikipedia.org,98.308,200,0,1
7.7687,example.com,93.068,200,0,1
7.7702,google.com,91.468,200,0,1
7.7703,cloudflare.com,104.491,200,0,1
7.7704,github.com,91.065,200,0,1
7.7705,wikipedia.org,109.865,200,0,1
7.7706,example.com,104.380,200,0,1
7.7755,google.com,81.722,200,0,1
7.7788,cloudflare.com,114.388,200,0,1
7.7802,github.com,70.656,200,0,1
7.7818,wikipedia.org,98.947,200,0,1
7.7819,example.com,107.719,200,0,1
7.7822,google.com,109.706,200,0,1
7.7915,cloudflare.com,90.996,200,0,1
7.7922,github.com,98.208,200,0,1
7.7974,wikipedia.org,95.984,200,0,1
7.8011,example.com,91.109,200,0,1
7.8032,google.com,87.559,200,0,1
7.8042,cloudflare.com,88.731,200,0,1
7.8053,github.com,83.487,200,0,1
7.8082,wikipedia.org,84.518,200,0,1
7.8085,example.com,86.194,200,0,1
7.8092,google.com,83.874,200,0,1
7.8144,cloudflare.com,82.070,200,0,1
7.8149,github.com,81.731,200,0,1
7.8155,wikipedia.org,81.640,200,0,1
7.8235,example.com,68.872,200,0,1
7.8241,google.com,69.536,200,0,1
7.8249,cloudflare.com,67.657,200,0,1
7.8257,github.com,70.314,200,0,1
7.8259,wikipedia.org,65.455,200,0,1
7.8328,example.com,60.089,200,0,1
7.8509,google.com,47.144,200,0,1
7.8511,cloudflare.com,48.610,200,0,1
7.8572,github.com,43.384,200,0,1
7.8615,wikipedia.org,51.540,200,0,1
7.8616,example.com,51.826,200,0,1
7.8618,google.com,54.034,200,0,1
7.8748,cloudflare.com,59.473,200,0,1
7.8750,github.com,54.306,200,0,1
7.8804,wikipedia.org,71.624,200,0,1
7.8808,example.com,41.603,200,0,1
7.8825,google.com,44.004,200,0,1
7.8888,cloudflare.com,58.314,200,0,1
7.8897,github.com,73.558,200,0,1
7.8904,wikipedia.org,58.397,200,0,1
7.8909,example.com,56.749,200,0,1
7.8914,google.com,57.162,200,0,1
7.8920,cloudflare.com,71.119,200,0,1
7.8922,github.com,71.534,200,0,1
7.8924,wikipedia.org,68.172,200,0,1
7.8926,example.com,61.807,200,0,1
7.8927,google.com,72.845,200,0,1
7.8929,cloudflare.com,64.262,200,0,1
7.8930,github.com,63.208,200,0,1
7.8931,wikipedia.org,69.835,200,0,1
7.8932,example.com,69.584,200,0,1
7.8934,google.com,61.462,200,0,1
7.8937,cloudflare.com,73.644,200,0,1
7.8947,github.com,70.768,200,0,1
7.8960,wikipedia.org,72.350,200,0,1
7.8965,example.com,87.985,200,0,1
7.8966,google.com,88.244,200,0,1
7.8971,cloudflare.com,82.592,200,0,1
7.8980,github.com,58.951,200,0,1
7.8997,wikipedia.org,60.711,200,0,1
7.9006,example.com,60.860,200,0,1
7.9130,google.com,61.701,200,0,1
7.9135,cloudflare.com,70.391,200,0,1
7.9159,github.com,67.020,200,0,1
7.9224,wikipedia.org,55.199,200,0,1
7.9265,example.com,48.036,200,0,1
7.9293,google.com,50.036,200,0,1
7.9343,cloudflare.com,51.577,200,0,1
7.9471,github.com,49.573,200,0,1
7.9476,wikipedia.org,50.472,200,0,1
7.9485,example.com,49.370,200,0,1
7.9488,google.com,50.091,200,0,1
7.9521,cloudflare.com,81.465,200,0,1
7.9544,github.com,53.784,200,0,1
7.9549,wikipedia.org,68.583,200,0,1
7.9562,example.com,62.420,200,0,1
7.9570,google.com,52.455,200,0,1
7.9571,cloudflare.com,59.347,200,0,1
7.9604,github.com,66.601,200,0,1
7.9606,wikipedia.org,68.704,200,0,1
7.9615,example.com,66.627,200,0,1
7.9628,google.com,73.241,200,0,1
7.9630,cloudflare.com,72.718,200,0,1
7.9631,github.com,74.025,200,0,1
7.9632,wikipedia.org,73.487,200,0,1
7.9638,example.com,72.752,200,0,1
7.9655,google.com,68.998,200,0,1
7.9656,cloudflare.com,69.428,200,0,1
7.9673,github.com,83.752,200,0,1
7.9683,wikipedia.org,67.968,200,0,1
7.9745,example.com,66.951,200,0,1
7.9747,google.com,66.283,200,0,1
7.9776,cloudflare.com,68.487,200,0,1
7.9794,github.com,71.242,200,0,1
7.9797,wikipedia.org,81.788,200,0,1
7.9829,example.com,76.023,200,0,1
7.9839,google.com,71.447,200,0,1
7.9844,cloudflare.com,83.885,200,0,1
7.9849,github.com,78.248,200,0,1
7.9859,wikipedia.org,69.871,200,0,1
7.9967,example.com,57.999,200,0,1
7.9979,google.com,59.579,200,0,1
7.9981,cloudflare.com,59.223,200,0,1
7.9989,github.com,57.286,200,0,1
8.0082,wikipedia.org,48.379,200,0,1
8.0094,example.com,48.538,200,0,1
8.0165,google.com,42.031,200,0,1
8.0186,cloudflare.com,62.450,200,0,1
8.0234,github.com,76.476,200,0,1
8.0271,wikipedia.org,67.559,200,0,1
8.0281,example.com,80.686,200,0,1
8.0293,google.com,82.956,200,0,1
8.0335,cloudflare.com,94.780,200,0,1
8.0345,github.com,89.097,200,0,1
8.0350,wikipedia.org,88.811,200,0,1
8.0357,example.com,87.071,200,0,1
8.0361,google.com,88.388,200,0,1
8.0363,cloudflare.com,91.527,200,0,1
8.0365,github.com,86.548,200,0,1
8.0367,wikipedia.org,118.050,200,0,1
8.0371,example.com,118.021,200,0,1
8.0410,google.com,87.739,200,0,1
8.0415,cloudflare.com,74.685,200,0,1
8.0461,github.com,107.139,200,0,1
8.0506,wikipedia.org,103.273,200,0,1
8.0511,example.com,104.171,200,0,1
8.0547,google.com,99.469,200,0,1
8.0553,cloudflare.com,102.392,200,0,1
8.0557,github.com,103.090,200,0,1
8.0562,wikipedia.org,99.162,200,0,1
8.0566,example.com,97.205,200,0,1
8.0573,google.com,95.516,200,0,1
8.0575,cloudflare.com,97.056,200,0,1
8.0580,github.com,94.228,200,0,1
8.0585,wikipedia.org,95.913,200,0,1
8.0589,example.com,98.274,200,0,1
8.0615,google.com,107.918,200,0,1
8.0631,cloudflare.com,106.687,200,0,1
8.0683,github.com,101.260,200,0,1
8.0811,wikipedia.org,80.587,200,0,1
8.0947,example.com,64.729,200,0,1
8.0999,google.com,86.485,200,0,1
8.1088,cloudflare.com,81.755,200,0,1
8.1123,github.com,76.607,200,0,1
8.1162,wikipedia.org,80.701,200,0,1
8.1228,example.com,81.948,200,0,1
8.1231,google.com,86.743,200,0,1
8.1236,cloudflare.com,99.130,200,0,1
8.1238,github.com,99.047,200,0,1
8.1245,wikipedia.org,84.128,200,0,1
8.1279,example.com,98.342,200,0,1
8.1283,google.com,107.463,200,0,1
8.1288,cloudflare.com,92.408,200,0,1
8.1522,github.com,99.471,200,0,1
8.1529,wikipedia.org,101.091,200,0,1
8.1532,example.com,95.860,200,0,1
8.1538,google.com,116.227,200,0,1
8.1539,cloudflare.com,125.343,200,0,1
8.1542,github.com,98.616,200,0,1
8.1544,wikipedia.org,97.798,200,0,1
8.1546,example.com,98.812,200,0,1
8.1548,google.com,130.034,200,0,1
8.1551,cloudflare.com,131.783,200,0,1
8.1552,github.com,133.257,200,0,1
8.1554,wikipedia.org,118.455,200,0,1
8.1572,example.com,128.008,200,0,1
8.1577,google.com,128.617,200,0,1
8.1588,cloudflare.com,130.793,200,0,1
8.1594,github.com,109.395,200,0,1
8.1617,wikipedia.org,125.460,200,0,1
8.1695,example.com,128.954,200,0,1
8.1696,google.com,128.329,200,0,1
8.1698,cloudflare.com,127.907,200,0,1
8.1864,github.com,110.403,200,0,1
8.1889,wikipedia.org,100.373,200,0,1
8.1906,example.com,98.359,200,0,1
8.1969,google.com,67.080,200,0,1
8.2047,cloudflare.com,108.684,200,0,1
8.2086,github.com,106.725,200,0,1
8.2098,wikipedia.org,106.517,200,0,1
8.2212,example.com,111.444,200,0,1
8.2227,google.com,107.756,200,0,1
8.2229,cloudflare.com,108.419,200,0,1
8.2262,github.com,108.184,200,0,1
8.2358,wikipedia.org,96.304,200,0,1
8.2491,example.com,74.441,200,0,1
8.2517,google.com,72.736,200,0,1
8.2522,cloudflare.com,82.714,200,0,1
8.2528,github.com,81.017,200,0,1
8.2534,wikipedia.org,72.311,200,0,1
8.2540,example.com,81.203,200,0,1
8.2640,google.com,69.087,200,0,1
8.2689,cloudflare.com,64.814,200,0,1
8.2700,github.com,63.221,200,0,1
8.2738,wikipedia.org,60.879,200,0,1
8.2793,example.com,64.406,200,0,1
8.2848,google.com,60.673,200,0,1
8.2852,cloudflare.com,65.246,200,0,1
8.2863,github.com,64.880,200,0,1
8.2869,wikipedia.org,59.109,200,0,1
8.2871,example.com,56.288,200,0,1
8.2885,google.com,71.229,200,0,1
8.2889,cloudflare.com,54.640,200,0,1
8.2892,github.com,55.423,200,0,1
8.2896,wikipedia.org,56.657,200,0,1
8.2969,example.com,55.759,200,0,1
8.2977,google.com,84.211,200,0,1
8.2979,cloudflare.com,84.110,200,0,1
8.2984,github.com,84.336,200,0,1
8.3134,wikipedia.org,68.423,200,0,1
8.3153,example.com,65.822,200,0,1
8.3164,google.com,66.142,200,0,1
8.3236,cloudflare.com,73.586,200,0,1
8.3244,github.com,73.073,200,0,1
8.3257,wikipedia.org,88.981,200,0,1
8.3305,example.com,94.029,200,0,1
8.3313,google.com,93.979,200,0,1
8.3321,cloudflare.com,97.511,200,0,1
8.3326,github.com,90.771,200,0,1
8.3331,wikipedia.org,86.829,200,0,1
8.3332,example.com,88.591,200,0,1
8.3337,google.com,84.565,200,0,1
8.3338,cloudflare.com,86.654,200,0,1
8.3344,github.com,94.860,200,0,1
8.3347,wikipedia.org,84.066,200,0,1
8.3350,example.com,85.177,200,0,1
8.3352,google.com,86.076,200,0,1
8.3434,cloudflare.com,85.578,200,0,1
8.3436,github.com,77.247,200,0,1
8.3437,wikipedia.org,96.345,200,0,1
8.3447,example.com,93.530,200,0,1
8.3455,google.com,96.568,200,0,1
8.3460,cloudflare.com,101.675,200,0,1
8.3463,github.com,102.817,200,0,1
8.3505,wikipedia.org,98.925,200,0,1
8.3512,example.com,98.870,200,0,1
8.3526,google.com,97.689,200,0,1
8.3597,cloudflare.com,88.329,200,0,1
8.3812,github.com,74.603,200,0,1
8.3818,wikipedia.org,74.939,200,0,1
8.3819,example.com,75.999,200,0,1
8.3821,google.com,76.105,200,0,1
8.3825,cloudflare.com,74.534,200,0,1
8.3828,github.com,75.839,200,0,1
8.3972,wikipedia.org,59.282,200,0,1
8.3975,example.com,60.947,200,0,1
8.4147,google.com,52.684,200,0,1
8.4182,cloudflare.com,55.196,200,0,1
8.4188,github.com,55.303,200,0,1
8.4199,wikipedia.org,52.079,200,0,1
8.4201,example.com,51.143,200,0,1
8.4205,google.com,58.827,200,0,1
8.4208,cloudflare.com,53.966,200,0,1
8.4212,github.com,54.613,200,0,1
8.4218,wikipedia.org,58.029,200,0,1
8.4234,example.com,59.320,200,0,1
8.4245,google.com,63.846,200,0,1
8.4253,cloudflare.com,62.532,200,0,1
8.4290,github.com,55.150,200,0,1
8.4293,wikipedia.org,62.258,200,0,1
8.4296,example.com,70.825,200,0,1
8.4382,google.com,48.827,200,0,1
8.4400,cloudflare.com,54.213,200,0,1
8.4421,github.com,61.038,200,0,1
8.4477,wikipedia.org,56.395,200,0,1
8.4481,example.com,82.326,200,0,1
8.4491,google.com,89.592,200,0,1
8.4494,cloudflare.com,61.826,200,0,1
8.4501,github.com,61.881,200,0,1
8.4503,wikipedia.org,58.293,200,0,1
8.4558,example.com,75.354,200,0,1
8.4565,google.com,72.407,200,0,1
8.4568,cloudflare.com,81.733,200,0,1
8.4570,github.com,82.140,200,0,1
8.4579,wikipedia.org,87.697,200,0,1
8.4582,example.com,87.198,200,0,1
8.4585,google.com,70.888,200,0,1
8.4586,cloudflare.com,87.719,200,0,1
8.4674,github.com,69.560,200,0,1
8.4713,wikipedia.org,66.132,200,0,1
8.4720,example.com,64.498,200,0,1
8.4734,google.com,64.749,200,0,1
8.4741,cloudflare.com,69.024,200,0,1
8.4748,github.com,66.861,200,0,1
8.4759,wikipedia.org,67.613,200,0,1
8.4793,example.com,70.350,200,0,1
8.4799,google.com,69.187,200,0,1
8.4827,cloudflare.com,68.725,200,0,1
8.4842,github.com,67.537,200,0,1
8.4870,wikipedia.org,63.942,200,0,1
8.4878,example.com,70.054,200,0,1
8.4883,google.com,70.245,200,0,1
8.4915,cloudflare.com,68.179,200,0,1
8.4943,github.com,61.171,200,0,1
8.5005,wikipedia.org,69.399,200,0,1
8.5031,example.com,58.352,200,0,1
8.5041,google.com,61.039,200,0,1
8.5086,cloudflare.com,61.762,200,0,1
8.5112,github.com,59.930,200,0,1
8.5120,wikipedia.org,61.118,200,0,1
8.5290,example.com,42.448,200,0,1
8.5294,google.com,40.162,200,0,1
8.5304,cloudflare.com,61.256,200,0,1
8.5311,github.com,57.997,200,0,1
8.5365,wikipedia.org,48.743,200,0,1
8.5369,example.com,45.813,200,0,1
8.5374,google.com,49.525,200,0,1
8.5382,cloudflare.com,50.500,200,0,1
8.5385,github.com,56.126,200,0,1
8.5387,wikipedia.org,57.623,200,0,1
8.5392,example.com,55.811,200,0,1
8.5417,google.com,48.876,200,0,1
8.5431,cloudflare.com,50.504,200,0,1
8.5435,github.com,49.008,200,0,1
8.5454,wikipedia.org,77.721,200,0,1
8.5456,example.com,73.477,200,0,1
8.5463,google.com,70.713,200,0,1
8.5491,cloudflare.com,46.790,200,0,1
8.5497,github.com,45.628,200,0,1
8.5510,wikipedia.org,56.034,200,0,1
8.5515,example.com,57.530,200,0,1
8.5517,google.com,54.969,200,0,1
8.5554,cloudflare.com,66.700,200,0,1
8.5579,github.com,66.085,200,0,1
8.5586,wikipedia.org,62.805,200,0,1
8.5597,example.com,71.859,200,0,1
8.5615,google.com,66.713,200,0,1
8.5652,cloudflare.com,59.363,200,0,1
8.5695,github.com,56.634,200,0,1
8.5699,wikipedia.org,66.404,200,0,1
8.5704,example.com,64.951,200,0,1
8.5711,google.com,64.525,200,0,1
8.5714,cloudflare.com,54.945,200,0,1
8.5731,github.com,64.476,200,0,1
8.5828,wikipedia.org,53.704,200,0,1
8.5854,example.com,51.408,200,0,1
8.5870,google.com,50.350,200,0,1
8.5887,cloudflare.com,58.878,200,0,1
8.5891,github.com,66.099,200,0,1
8.5905,wikipedia.org,56.357,200,0,1
8.5917,example.com,64.795,200,0,1
8.5925,google.com,56.913,200,0,1
8.5936,cloudflare.com,54.911,200,0,1
8.5946,github.com,55.546,200,0,1
8.5950,wikipedia.org,64.853,200,0,1
8.5953,example.com,53.561,200,0,1
8.5958,google.com,51.538,200,0,1
8.5963,cloudflare.com,62.471,200,0,1
8.6067,github.com,53.978,200,0,1
8.6070,wikipedia.org,53.199,200,0,1
8.6090,example.com,56.143,200,0,1
8.6172,google.com,65.978,200,0,1
8.6191,cloudflare.com,77.191,200,0,1
8.6214,github.com,59.792,200,0,1
8.6221,wikipedia.org,65.981,200,0,1
8.6231,example.com,86.899,200,0,1
8.6240,google.com,57.401,200,0,1
8.6245,cloudflare.com,85.012,200,0,1
8.6262,github.com,51.243,200,0,1
8.6264,wikipedia.org,57.545,200,0,1
8.6282,example.com,74.685,200,0,1
8.6316,google.com,78.269,200,0,1
8.6353,cloudflare.com,78.259,200,0,1
8.6357,github.com,78.120,200,0,1
8.6363,wikipedia.org,96.864,200,0,1
8.6365,example.com,72.668,200,0,1
8.6368,google.com,71.409,200,0,1
8.6373,cloudflare.com,80.474,200,0,1
8.6376,github.com,96.160,200,0,1
8.6469,wikipedia.org,77.548,200,0,1
8.6474,example.com,81.392,200,0,1
8.6476,google.com,80.397,200,0,1
8.6485,cloudflare.com,77.917,200,0,1
8.6489,github.com,79.404,200,0,1
8.6494,wikipedia.org,77.736,200,0,1
8.6502,example.com,83.931,200,0,1
8.6552,google.com,105.440,200,0,1
8.6565,cloudflare.com,107.997,200,0,1
8.6588,github.com,109.819,200,0,1
8.6599,wikipedia.org,102.237,200,0,1
8.6602,example.com,93.550,200,0,1
8.6607,google.com,93.492,200,0,1
8.6651,cloudflare.com,105.432,200,0,1
8.6774,github.com,82.356,200,0,1
8.6812,wikipedia.org,91.487,200,0,1
8.6814,example.com,91.119,200,0,1
8.6832,google.com,91.484,200,0,1
8.6839,cloudflare.com,85.980,200,0,1
8.6881,github.com,84.076,200,0,1
8.6963,wikipedia.org,87.949,200,0,1
8.7029,example.com,80.885,200,0,1
8.7082,google.com,65.447,200,0,1
8.7092,cloudflare.com,66.078,200,0,1
8.7095,github.com,74.124,200,0,1
8.7098,wikipedia.org,79.846,200,0,1
8.7100,example.com,79.857,200,0,1
8.7136,google.com,74.876,200,0,1
8.7138,cloudflare.com,75.421,200,0,1
8.7178,github.com,63.795,200,0,1
8.7245,wikipedia.org,58.270,200,0,1
8.7265,example.com,56.697,200,0,1
8.7272,google.com,56.218,200,0,1
8.7280,cloudflare.com,58.225,200,0,1
8.7283,github.com,55.198,200,0,1
8.7288,wikipedia.org,59.252,200,0,1
8.7332,example.com,67.534,200,0,1
8.7337,google.com,66.512,200,0,1
8.7341,cloudflare.com,63.668,200,0,1
8.7538,github.com,45.721,200,0,1
8.7542,wikipedia.org,44.752,200,0,1
8.7598,example.com,41.422,200,0,1
8.7607,google.com,50.618,200,0,1
8.7622,cloudflare.com,63.452,200,0,1
8.7645,github.com,72.101,200,0,1
8.7687,wikipedia.org,65.904,200,0,1
8.7699,example.com,41.696,200,0,1
8.7706,google.com,56.067,200,0,1
8.7722,cloudflare.com,63.240,200,0,1
8.7725,github.com,63.409,200,0,1
8.7727,wikipedia.org,61.227,200,0,1
8.7737,example.com,50.684,200,0,1
8.7746,google.com,71.511,200,0,1
8.7752,cloudflare.com,52.258,200,0,1
8.7816,github.com,53.988,200,0,1
8.7828,wikipedia.org,53.486,200,0,1
8.7832,example.com,78.207,200,0,1
8.7834,google.com,74.126,200,0,1
8.7835,cloudflare.com,65.516,200,0,1
8.7837,github.com,78.474,200,0,1
8.7838,wikipedia.org,78.481,200,0,1
8.7843,example.com,85.838,200,0,1
8.7862,google.com,74.891,200,0,1
8.7881,cloudflare.com,72.251,200,0,1
8.7885,github.com,79.591,200,0,1
8.7892,wikipedia.org,79.726,200,0,1
8.7897,example.com,81.681,200,0,1
8.7899,google.com,81.924,200,0,1
8.7978,cloudflare.com,71.686,200,0,1
8.7989,github.com,63.808,200,0,1
8.7995,wikipedia.org,63.135,200,0,1
8.8003,example.com,77.904,200,0,1
8.8007,google.com,77.620,200,0,1
8.8012,cloudflare.com,60.597,200,0,1
8.8113,github.com,66.067,200,0,1
8.8116,wikipedia.org,55.629,200,0,1
8.8244,example.com,48.218,200,0,1
8.8257,google.com,58.436,200,0,1
8.8267,cloudflare.com,56.651,200,0,1
8.8275,github.com,49.313,200,0,1
8.8339,wikipedia.org,56.257,200,0,1
8.8346,example.com,68.111,200,0,1
8.8355,google.com,67.618,200,0,1
8.8356,cloudflare.com,47.132,200,0,1
8.8359,github.com,59.283,200,0,1
8.8362,wikipedia.org,50.142,200,0,1
8.8366,example.com,76.786,200,0,1
8.8462,google.com,76.537,200,0,1
8.8490,cloudflare.com,63.829,200,0,1
8.8575,github.com,56.585,200,0,1
8.8603,wikipedia.org,52.831,200,0,1
8.8611,example.com,52.563,200,0,1
8.8614,google.com,52.590,200,0,1
8.8618,cloudflare.com,50.627,200,0,1
8.8621,github.com,87.102,200,0,1
8.8623,wikipedia.org,71.459,200,0,1
8.8627,example.com,68.194,200,0,1
8.8627,google.com,71.191,200,0,1
8.8672,cloudflare.com,64.898,200,0,1
8.8681,github.com,72.629,200,0,1
8.8690,wikipedia.org,76.694,200,0,1
8.8695,example.com,76.850,200,0,1
8.8701,google.com,88.916,200,0,1
8.8714,cloudflare.com,88.045,200,0,1
8.8718,github.com,86.830,200,0,1
8.8726,wikipedia.org,76.401,200,0,1
8.8768,example.com,74.077,200,0,1
8.8774,google.com,80.972,200,0,1
8.8782,cloudflare.com,80.679,200,0,1
8.8783,github.com,90.649,200,0,1
8.8827,wikipedia.org,67.269,200,0,1
8.8833,example.com,74.898,200,0,1
8.8841,google.com,75.899,200,0,1
8.8864,cloudflare.com,78.012,200,0,1
8.8902,github.com,84.920,200,0,1
8.8952,wikipedia.org,81.522,200,0,1
8.9027,example.com,76.141,200,0,1
8.9031,google.com,75.310,200,0,1
8.9125,cloudflare.com,64.159,200,0,1
8.9129,github.com,61.954,200,0,1
8.9132,wikipedia.org,70.777,200,0,1
8.9134,example.com,72.331,200,0,1
8.9137,google.com,70.599,200,0,1
8.9140,cloudflare.com,70.771,200,0,1
8.9141,github.com,70.743,200,0,1
8.9227,wikipedia.org,71.960,200,0,1
8.9309,example.com,54.958,200,0,1
8.9321,google.com,52.263,200,0,1
8.9337,cloudflare.com,60.092,200,0,1
8.9339,github.com,52.033,200,0,1
8.9407,wikipedia.org,57.963,200,0,1
8.9457,example.com,57.592,200,0,1
8.9464,google.com,56.624,200,0,1
8.9490,cloudflare.com,45.074,200,0,1
8.9492,github.com,53.856,200,0,1
8.9500,wikipedia.org,44.752,200,0,1
8.9509,example.com,45.157,200,0,1
8.9582,google.com,51.718,200,0,1
8.9584,cloudflare.com,52.027,200,0,1
8.9587,github.com,67.824,200,0,1
8.9589,wikipedia.org,52.271,200,0,1
8.9590,example.com,67.219,200,0,1
8.9594,google.com,52.283,200,0,1
8.9600,cloudflare.com,51.828,200,0,1
8.9644,github.com,40.330,200,0,1
8.9690,wikipedia.org,62.019,200,0,1
8.9748,example.com,50.855,200,0,1
8.9751,google.com,54.220,200,0,1
8.9766,cloudflare.com,50.112,200,0,1
8.9767,github.com,60.440,200,0,1
8.9784,wikipedia.org,66.580,200,0,1
8.9789,example.com,75.707,200,0,1
8.9839,google.com,60.348,200,0,1
8.9843,cloudflare.com,48.584,200,0,1
8.9844,github.com,47.764,200,0,1
8.9848,wikipedia.org,61.282,200,0,1
8.9849,example.com,60.700,200,0,1
8.9857,google.com,89.619,200,0,1
8.9858,cloudflare.com,60.623,200,0,1
8.9860,github.com,60.641,200,0,1
8.9938,wikipedia.org,81.981,200,0,1
8.9941,example.com,62.400,200,0,1
8.9947,google.com,89.723,200,0,1
8.9948,cloudflare.com,66.699,200,0,1
8.9961,github.com,67.262,200,0,1
8.9987,wikipedia.org,80.387,200,0,1
9.0030,example.com,80.119,200,0,1
9.0031,google.com,73.667,200,0,1
9.0033,cloudflare.com,80.027,200,0,1
9.0047,github.com,69.848,200,0,1
9.0099,wikipedia.org,73.925,200,0,1
9.0104,example.com,73.132,200,0,1
9.0112,google.com,73.499,200,0,1
9.0117,cloudflare.com,73.662,200,0,1
9.0119,github.com,79.695,200,0,1
9.0257,wikipedia.org,55.334,200,0,1
9.0262,example.com,82.801,200,0,1
9.0265,google.com,83.195,200,0,1
9.0267,cloudflare.com,54.963,200,0,1
9.0293,github.com,59.955,200,0,1
9.0310,wikipedia.org,78.942,200,0,1
9.0322,example.com,50.118,200,0,1
9.0329,google.com,57.151,200,0,1
9.0372,cloudflare.com,71.400,200,0,1
9.0443,github.com,60.475,200,0,1
9.0450,wikipedia.org,66.335,200,0,1
9.0456,example.com,63.641,200,0,1
9.0460,google.com,64.125,200,0,1
9.0465,cloudflare.com,59.205,200,0,1
9.0466,github.com,62.227,200,0,1
9.0546,wikipedia.org,57.255,200,0,1
9.0565,example.com,54.959,200,0,1
9.0615,google.com,50.525,200,0,1
9.0633,cloudflare.com,49.610,200,0,1
9.0746,github.com,45.760,200,0,1
9.0753,wikipedia.org,67.986,200,0,1
9.0758,example.com,63.588,200,0,1
9.0768,google.com,62.747,200,0,1
9.0791,cloudflare.com,53.103,200,0,1
9.0810,github.com,47.757,200,0,1
9.0817,wikipedia.org,46.987,200,0,1
9.0823,example.com,44.574,200,0,1
9.0831,google.com,55.001,200,0,1
9.0833,cloudflare.com,63.234,200,0,1
9.0835,github.com,62.538,200,0,1
9.0839,wikipedia.org,61.098,200,0,1
9.0844,example.com,73.972,200,0,1
9.0847,google.com,62.884,200,0,1
9.0854,cloudflare.com,62.967,200,0,1
9.0893,github.com,64.390,200,0,1
9.0900,wikipedia.org,58.205,200,0,1
9.0916,example.com,66.654,200,0,1
9.1048,google.com,50.622,200,0,1
9.1057,cloudflare.com,51.797,200,0,1
9.1086,github.com,56.200,200,0,1
9.1088,wikipedia.org,48.762,200,0,1
9.1091,example.com,83.976,200,0,1
9.1092,google.com,47.953,200,0,1
9.1097,cloudflare.com,84.108,200,0,1
9.1099,github.com,82.275,200,0,1
9.1102,wikipedia.org,56.041,200,0,1
9.1113,example.com,73.924,200,0,1
9.1115,google.com,52.886,200,0,1
9.1119,cloudflare.com,75.020,200,0,1
9.1120,github.com,53.211,200,0,1
9.1129,wikipedia.org,70.967,200,0,1
9.1204,example.com,64.787,200,0,1
9.1269,google.com,65.587,200,0,1
9.1287,cloudflare.com,67.591,200,0,1
9.1288,github.com,67.597,200,0,1
9.1322,wikipedia.org,72.442,200,0,1
9.1381,example.com,67.344,200,0,1
9.1394,google.com,58.212,200,0,1
9.1395,cloudflare.com,58.222,200,0,1
9.1433,github.com,68.916,200,0,1
9.1450,wikipedia.org,59.570,200,0,1
9.1461,example.com,58.793,200,0,1
9.1465,google.com,64.664,200,0,1
9.1476,cloudflare.com,70.234,200,0,1
9.1482,github.com,56.723,200,0,1
9.1484,wikipedia.org,71.211,200,0,1
9.1537,example.com,65.312,200,0,1
9.1554,google.com,56.577,200,0,1
9.1572,cloudflare.com,60.540,200,0,1
9.1575,github.com,59.650,200,0,1
9.1576,wikipedia.org,60.667,200,0,1
9.1582,example.com,67.278,200,0,1
9.1584,google.com,69.386,200,0,1
9.1643,cloudflare.com,52.099,200,0,1
9.1648,github.com,60.461,200,0,1
9.1652,wikipedia.org,51.451,200,0,1
9.1662,example.com,53.446,200,0,1
9.1839,google.com,42.444,200,0,1
9.1852,cloudflare.com,43.513,200,0,1
9.1852,github.com,51.982,200,0,1
9.1869,wikipedia.org,54.149,200,0,1
9.1922,example.com,59.321,200,0,1
9.1925,google.com,44.972,200,0,1
9.1930,cloudflare.com,63.715,200,0,1
9.1938,github.com,69.749,200,0,1
9.1963,wikipedia.org,43.162,200,0,1
9.1964,example.com,45.570,200,0,1
9.1976,google.com,57.853,200,0,1
9.1977,cloudflare.com,57.999,200,0,1
9.2045,github.com,58.494,200,0,1
9.2046,wikipedia.org,58.470,200,0,1
9.2049,example.com,50.097,200,0,1
9.2050,google.com,50.458,200,0,1
9.2055,cloudflare.com,57.785,200,0,1
9.2112,github.com,59.680,200,0,1
9.2120,wikipedia.org,59.166,200,0,1
9.2122,example.com,77.511,200,0,1
9.2164,google.com,54.835,200,0,1
9.2167,cloudflare.com,59.254,200,0,1
9.2171,github.com,65.030,200,0,1
9.2177,wikipedia.org,56.804,200,0,1
9.2178,example.com,68.573,200,0,1
9.2183,google.com,64.569,200,0,1
9.2190,cloudflare.com,62.864,200,0,1
9.2196,github.com,72.150,200,0,1
9.2197,wikipedia.org,67.890,200,0,1
9.2253,example.com,76.052,200,0,1
9.2255,google.com,77.208,200,0,1
9.2263,cloudflare.com,63.809,200,0,1
9.2278,github.com,75.751,200,0,1
9.2287,wikipedia.org,55.174,200,0,1
9.2372,example.com,60.111,200,0,1
9.2374,google.com,55.524,200,0,1
9.2395,cloudflare.com,53.603,200,0,1
9.2410,github.com,57.606,200,0,1
9.2420,wikipedia.org,55.112,200,0,1
9.2515,example.com,67.400,200,0,1
9.2550,google.com,57.295,200,0,1
9.2554,cloudflare.com,48.796,200,0,1
9.2555,github.com,57.584,200,0,1
9.2557,wikipedia.org,65.746,200,0,1
9.2567,example.com,72.433,200,0,1
9.2630,google.com,56.034,200,0,1
9.2631,cloudflare.com,65.550,200,0,1
9.2632,github.com,57.424,200,0,1
9.2636,wikipedia.org,86.112,200,0,1
9.2709,example.com,65.282,200,0,1
9.2712,google.com,56.326,200,0,1
9.2713,cloudflare.com,55.493,200,0,1
9.2745,github.com,68.089,200,0,1
9.2759,wikipedia.org,64.919,200,0,1
9.2819,example.com,67.280,200,0,1
9.2821,google.com,60.126,200,0,1
9.2828,cloudflare.com,59.549,200,0,1
9.2838,github.com,56.870,200,0,1
9.2864,wikipedia.org,64.105,200,0,1
9.2876,example.com,55.316,200,0,1
9.2897,google.com,64.580,200,0,1
9.2902,cloudflare.com,52.592,200,0,1
9.2917,github.com,66.480,200,0,1
9.2930,wikipedia.org,55.043,200,0,1
9.2931,example.com,54.680,200,0,1
9.2971,google.com,55.160,200,0,1
9.2973,cloudflare.com,66.584,200,0,1
9.2986,github.com,73.260,200,0,1
9.3013,wikipedia.org,76.762,200,0,1
9.3027,example.com,73.269,200,0,1
9.3035,google.com,85.064,200,0,1
9.3042,cloudflare.com,67.267,200,0,1
9.3122,github.com,74.780,200,0,1
9.3131,wikipedia.org,67.966,200,0,1
9.3189,example.com,83.374,200,0,1
9.3191,google.com,74.188,200,0,1
9.3207,cloudflare.com,73.194,200,0,1
9.3215,github.com,72.729,200,0,1
9.3268,wikipedia.org,66.737,200,0,1
9.3275,example.com,63.093,200,0,1
9.3287,google.com,72.330,200,0,1
9.3292,cloudflare.com,81.692,200,0,1
9.3361,github.com,74.137,200,0,1
9.3407,wikipedia.org,61.149,200,0,1
9.3408,example.com,62.602,200,0,1
9.3423,google.com,74.462,200,0,1
9.3424,cloudflare.com,73.399,200,0,1
9.3426,github.com,70.286,200,0,1
9.3428,wikipedia.org,60.371,200,0,1
9.3429,example.com,68.682,200,0,1
9.3477,google.com,70.275,200,0,1
9.3480,cloudflare.com,69.248,200,0,1
9.3492,github.com,76.313,200,0,1
9.3497,wikipedia.org,76.732,200,0,1
9.3505,example.com,75.339,200,0,1
9.3522,google.com,65.354,200,0,1
9.3543,cloudflare.com,70.692,200,0,1
9.3582,github.com,68.367,200,0,1
9.3639,wikipedia.org,66.268,200,0,1
9.3715,example.com,57.789,200,0,1
9.3719,google.com,65.249,200,0,1
9.3760,cloudflare.com,64.842,200,0,1
9.3781,github.com,65.625,200,0,1
9.3810,wikipedia.org,60.465,200,0,1
9.3870,example.com,62.288,200,0,1
9.3886,google.com,81.970,200,0,1
9.3906,cloudflare.com,57.653,200,0,1
9.3933,github.com,66.997,200,0,1
9.3935,wikipedia.org,57.474,200,0,1
9.3939,example.com,74.361,200,0,1
9.3942,google.com,67.818,200,0,1
9.4010,cloudflare.com,81.932,200,0,1
9.4019,github.com,59.160,200,0,1
9.4023,wikipedia.org,81.792,200,0,1
9.4031,example.com,72.748,200,0,1
9.4035,google.com,68.118,200,0,1
9.4103,cloudflare.com,73.632,200,0,1
9.4109,github.com,86.526,200,0,1
9.4116,wikipedia.org,66.203,200,0,1
9.4129,example.com,66.540,200,0,1
9.4158,google.com,72.551,200,0,1
9.4167,cloudflare.com,72.023,200,0,1
9.4173,github.com,67.451,200,0,1
9.4176,wikipedia.org,67.710,200,0,1
9.4180,example.com,68.834,200,0,1
9.4250,google.com,79.301,200,0,1
9.4255,cloudflare.com,80.109,200,0,1
9.4258,github.com,83.216,200,0,1
9.4264,wikipedia.org,86.380,200,0,1
9.4266,example.com,71.167,200,0,1
9.4293,google.com,75.304,200,0,1
9.4302,cloudflare.com,73.288,200,0,1
9.4372,github.com,68.018,200,0,1
9.4408,wikipedia.org,72.513,200,0,1
9.4415,example.com,75.185,200,0,1
9.4437,google.com,68.302,200,0,1
9.4482,cloudflare.com,67.130,200,0,1
9.4493,github.com,70.273,200,0,1
9.4510,wikipedia.org,64.492,200,0,1
9.4603,example.com,68.454,200,0,1
9.4610,google.com,61.313,200,0,1
9.4621,cloudflare.com,61.996,200,0,1
9.4682,github.com,63.850,200,0,1
9.4706,wikipedia.org,73.196,200,0,1
9.4716,example.com,52.018,200,0,1
9.4759,google.com,48.774,200,0,1
9.4778,cloudflare.com,58.356,200,0,1
9.4794,github.com,56.978,200,0,1
9.4829,wikipedia.org,68.496,200,0,1
9.4839,example.com,67.784,200,0,1
9.4841,google.com,79.623,200,0,1
9.4847,cloudflare.com,58.318,200,0,1
9.4853,github.com,57.947,200,0,1
9.4869,wikipedia.org,56.077,200,0,1
9.4884,example.com,56.434,200,0,1
9.4888,google.com,55.944,200,0,1
9.4974,cloudflare.com,85.055,200,0,1
9.4977,github.com,75.246,200,0,1
9.5035,wikipedia.org,69.667,200,0,1
9.5044,example.com,70.878,200,0,1
9.5046,google.com,61.367,200,0,1
9.5052,cloudflare.com,70.542,200,0,1
9.5056,github.com,67.777,200,0,1
9.5091,wikipedia.org,73.280,200,0,1
9.5120,example.com,70.690,200,0,1
9.5128,google.com,82.062,200,0,1
9.5134,cloudflare.com,70.702,200,0,1
9.5154,github.com,58.831,200,0,1
9.5155,wikipedia.org,57.403,200,0,1
9.5167,example.com,68.331,200,0,1
9.5196,google.com,72.416,200,0,1
9.5224,cloudflare.com,58.377,200,0,1
9.5236,github.com,60.357,200,0,1
9.5241,wikipedia.org,70.671,200,0,1
9.5247,example.com,60.479,200,0,1
9.5287,google.com,63.056,200,0,1
9.5321,cloudflare.com,68.581,200,0,1
9.5361,github.com,57.111,200,0,1
9.5364,wikipedia.org,58.212,200,0,1
9.5429,example.com,48.391,200,0,1
9.5430,google.com,48.618,200,0,1
9.5433,cloudflare.com,48.626,200,0,1
9.5438,github.com,94.665,200,0,1
9.5447,wikipedia.org,71.832,200,0,1
9.5448,example.com,72.041,200,0,1
9.5514,google.com,70.055,200,0,1
9.5517,cloudflare.com,70.326,200,0,1
9.5637,github.com,77.481,200,0,1
9.5660,wikipedia.org,60.101,200,0,1
9.5729,example.com,53.741,200,0,1
9.5730,google.com,71.192,200,0,1
9.5732,cloudflare.com,70.664,200,0,1
9.5734,github.com,68.240,200,0,1
9.5742,wikipedia.org,63.772,200,0,1
9.5752,example.com,69.232,200,0,1
9.5757,google.com,68.605,200,0,1
9.5807,cloudflare.com,62.940,200,0,1
9.5823,github.com,69.732,200,0,1
9.5825,wikipedia.org,80.432,200,0,1
9.5827,example.com,68.284,200,0,1
9.5840,google.com,60.034,200,0,1
9.5841,cloudflare.com,68.403,200,0,1
9.5850,github.com,69.443,200,0,1
9.5851,wikipedia.org,59.418,200,0,1
9.5913,example.com,51.128,200,0,1
9.5917,google.com,59.567,200,0,1
9.5918,cloudflare.com,68.005,200,0,1
9.5919,github.com,61.442,200,0,1
9.5920,wikipedia.org,69.623,200,0,1
9.5932,example.com,61.363,200,0,1
9.5946,google.com,68.151,200,0,1
9.5947,cloudflare.com,66.129,200,0,1
9.5948,github.com,73.949,200,0,1
9.6007,wikipedia.org,61.418,200,0,1
9.6166,example.com,54.931,200,0,1
9.6168,google.com,54.766,200,0,1
9.6215,cloudflare.com,62.308,200,0,1
9.6221,github.com,66.688,200,0,1
9.6261,wikipedia.org,54.536,200,0,1
9.6266,example.com,54.998,200,0,1
9.6380,google.com,44.172,200,0,1
9.6384,cloudflare.com,64.466,200,0,1
9.6412,github.com,61.156,200,0,1
9.6416,wikipedia.org,53.130,200,0,1
9.6425,example.com,40.754,200,0,1
9.6437,google.com,49.664,200,0,1
9.6438,cloudflare.com,61.752,200,0,1
9.6440,github.com,45.196,200,0,1
9.6442,wikipedia.org,59.777,200,0,1
9.6443,example.com,62.402,200,0,1
9.6445,google.com,64.118,200,0,1
9.6446,cloudflare.com,45.876,200,0,1
9.6510,github.com,61.800,200,0,1
9.6512,wikipedia.org,48.367,200,0,1
9.6521,example.com,59.573,200,0,1
9.6525,google.com,57.374,200,0,1
9.6533,cloudflare.com,54.042,200,0,1
9.6545,github.com,54.952,200,0,1
9.6546,wikipedia.org,54.505,200,0,1
9.6598,example.com,55.874,200,0,1
9.6609,google.com,49.586,200,0,1
9.6617,cloudflare.com,56.218,200,0,1
9.6621,github.com,56.000,200,0,1
9.6628,wikipedia.org,45.507,200,0,1
9.6629,example.com,60.904,200,0,1
9.6688,google.com,67.763,200,0,1
9.6715,cloudflare.com,43.762,200,0,1
9.6716,github.com,48.290,200,0,1
9.6806,wikipedia.org,53.441,200,0,1
9.6816,example.com,51.362,200,0,1
9.6822,google.com,59.498,200,0,1
9.6832,cloudflare.com,48.915,200,0,1
9.6838,github.com,65.282,200,0,1
9.6887,wikipedia.org,68.833,200,0,1
9.6892,example.com,59.484,200,0,1
9.6905,google.com,59.146,200,0,1
9.6933,cloudflare.com,52.373,200,0,1
9.6947,github.com,63.490,200,0,1
9.6996,wikipedia.org,49.317,200,0,1
9.7024,example.com,94.166,200,0,1
9.7029,google.com,95.491,200,0,1
9.7040,cloudflare.com,72.294,200,0,1
9.7056,github.com,82.538,200,0,1
9.7068,wikipedia.org,84.339,200,0,1
9.7074,example.com,53.951,200,0,1
9.7083,google.com,81.912,200,0,1
9.7086,cloudflare.com,94.687,200,0,1
9.7091,github.com,76.311,200,0,1
9.7094,wikipedia.org,84.154,200,0,1
9.7099,example.com,81.784,200,0,1
9.7104,google.com,89.578,200,0,1
9.7117,cloudflare.com,85.624,200,0,1
9.7128,github.com,83.429,200,0,1
9.7153,wikipedia.org,76.577,200,0,1
9.7157,example.com,80.388,200,0,1
9.7179,google.com,83.444,200,0,1
9.7181,cloudflare.com,79.831,200,0,1
9.7199,github.com,55.655,200,0,1
9.7238,wikipedia.org,87.735,200,0,1
9.7322,example.com,69.799,200,0,1
9.7331,google.com,69.572,200,0,1
9.7341,cloudflare.com,69.422,200,0,1
9.7366,github.com,90.027,200,0,1
9.7417,wikipedia.org,74.382,200,0,1
9.7457,example.com,71.791,200,0,1
9.7487,google.com,76.556,200,0,1
9.7489,cloudflare.com,67.944,200,0,1
9.7491,github.com,76.703,200,0,1
9.7496,wikipedia.org,65.631,200,0,1
9.7576,example.com,77.267,200,0,1
9.7582,google.com,76.417,200,0,1
9.7613,cloudflare.com,63.544,200,0,1
9.7756,github.com,58.833,200,0,1
9.7763,wikipedia.org,66.271,200,0,1
9.7854,example.com,58.235,200,0,1
9.7881,google.com,71.422,200,0,1
9.7902,cloudflare.com,53.776,200,0,1
9.7911,github.com,88.423,200,0,1
9.7916,wikipedia.org,61.676,200,0,1
9.7918,example.com,68.848,200,0,1
9.7936,google.com,85.783,200,0,1
9.7961,cloudflare.com,77.688,200,0,1
9.7962,github.com,79.171,200,0,1
9.7966,wikipedia.org,95.844,200,0,1
9.7973,example.com,76.011,200,0,1
9.7979,google.com,74.192,200,0,1
9.7984,cloudflare.com,88.896,200,0,1
9.8000,github.com,85.912,200,0,1
9.8013,wikipedia.org,84.382,200,0,1
9.8020,example.com,77.669,200,0,1
9.8027,google.com,78.313,200,0,1
9.8033,cloudflare.com,92.580,200,0,1
9.8036,github.com,80.975,200,0,1
9.8116,wikipedia.org,94.523,200,0,1
9.8152,example.com,79.831,200,0,1
9.8161,google.com,78.862,200,0,1
9.8169,cloudflare.com,77.927,200,0,1
9.8175,github.com,77.699,200,0,1
9.8249,wikipedia.org,84.637,200,0,1
9.8253,example.com,84.040,200,0,1
9.8258,google.com,90.196,200,0,1
9.8266,cloudflare.com,95.153,200,0,1
9.8344,github.com,79.745,200,0,1
9.8347,wikipedia.org,85.799,200,0,1
9.8349,example.com,84.262,200,0,1
9.8426,google.com,84.953,200,0,1
9.8437,cloudflare.com,76.074,200,0,1
9.8440,github.com,71.495,200,0,1
9.8533,wikipedia.org,77.042,200,0,1
9.8596,example.com,69.017,200,0,1
9.8607,google.com,66.159,200,0,1
9.8721,cloudflare.com,66.659,200,0,1
9.8733,github.com,66.535,200,0,1
9.8738,wikipedia.org,61.913,200,0,1
9.8754,example.com,69.662,200,0,1
9.8794,google.com,75.536,200,0,1
9.8795,cloudflare.com,78.497,200,0,1
9.8796,github.com,55.100,200,0,1
9.8810,wikipedia.org,55.286,200,0,1
9.8845,example.com,73.094,200,0,1
9.8857,google.com,79.330,200,0,1
9.8859,cloudflare.com,72.437,200,0,1
9.8873,github.com,86.485,200,0,1
9.8924,wikipedia.org,83.499,200,0,1
9.8948,example.com,64.928,200,0,1
9.8949,google.com,69.790,200,0,1
9.8951,cloudflare.com,65.733,200,0,1
9.8952,github.com,69.304,200,0,1
9.8959,wikipedia.org,72.922,200,0,1
9.9061,example.com,72.262,200,0,1
9.9093,google.com,59.311,200,0,1
9.9095,cloudflare.com,58.978,200,0,1
9.9142,github.com,56.348,200,0,1
9.9155,wikipedia.org,51.046,200,0,1
9.9160,example.com,61.090,200,0,1
9.9191,google.com,57.849,200,0,1
9.9198,cloudflare.com,54.340,200,0,1
9.9205,github.com,60.122,200,0,1
9.9218,wikipedia.org,65.248,200,0,1
9.9269,example.com,50.941,200,0,1
9.9275,google.com,56.534,200,0,1
9.9286,cloudflare.com,54.865,200,0,1
9.9304,github.com,58.387,200,0,1
9.9347,wikipedia.org,48.428,200,0,1
9.9357,example.com,56.019,200,0,1
9.9363,google.com,47.023,200,0,1
9.9389,cloudflare.com,51.440,200,0,1
9.9399,github.com,54.659,200,0,1
9.9451,wikipedia.org,52.667,200,0,1
9.9549,example.com,68.229,200,0,1
9.9576,google.com,53.227,200,0,1
9.9580,cloudflare.com,65.665,200,0,1
9.9584,github.com,65.443,200,0,1
9.9597,wikipedia.org,60.735,200,0,1
9.9608,example.com,60.495,200,0,1
9.9645,google.com,55.550,200,0,1
9.9647,cloudflare.com,57.562,200,0,1
9.9650,github.com,63.161,200,0,1
9.9666,wikipedia.org,55.317,200,0,1
9.9685,example.com,59.233,200,0,1
9.9686,google.com,59.903,200,0,1
9.9688,cloudflare.com,74.560,200,0,1
9.9705,github.com,58.227,200,0,1
9.9738,wikipedia.org,80.195,200,0,1
9.9741,example.com,56.221,200,0,1
9.9759,google.com,84.088,200,0,1
9.9770,cloudflare.com,70.520,200,0,1
9.9771,github.com,71.664,200,0,1
9.9778,wikipedia.org,63.831,200,0,1
9.9784,example.com,85.792,200,0,1
9.9806,google.com,72.003,200,0,1
9.9832,cloudflare.com,60.770,200,0,1
9.9833,github.com,59.333,200,0,1
9.9835,wikipedia.org,71.617,200,0,1
9.9841,example.com,78.363,200,0,1
9.9870,google.com,81.518,200,0,1
9.9888,cloudflare.com,78.329,200,0,1
9.9904,github.com,76.573,200,0,1
9.9917,wikipedia.org,74.486,200,0,1
9.9945,example.com,71.382,200,0,1
9.9978,google.com,69.923,200,0,1
10.0109,cloudflare.com,50.860,200,0,1
10.0201,github.com,47.256,200,0,1
10.0205,wikipedia.org,48.165,200,0,1
10.0213,example.com,48.133,200,0,1
10.0219,google.com,48.025,200,0,1
10.0223,cloudflare.com,52.604,200,0,1
10.0234,github.com,62.083,200,0,1
10.0237,wikipedia.org,70.305,200,0,1
10.0238,example.com,63.154,200,0,1
10.0278,google.com,53.283,200,0,1
10.0282,cloudflare.com,55.867,200,0,1
10.0285,github.com,54.164,200,0,1
10.0288,wikipedia.org,55.862,200,0,1
10.0303,example.com,61.334,200,0,1
10.0417,google.com,65.095,200,0,1
10.0426,cloudflare.com,56.836,200,0,1
10.0434,github.com,64.251,200,0,1
10.0439,wikipedia.org,56.020,200,0,1
10.0475,example.com,58.894,200,0,1
10.0488,google.com,61.532,200,0,1
10.0526,cloudflare.com,62.817,200,0,1
10.0540,github.com,77.362,200,0,1
10.0551,wikipedia.org,68.329,200,0,1
10.0600,example.com,81.934,200,0,1
10.0617,google.com,54.301,200,0,1
10.0624,cloudflare.com,70.735,200,0,1
10.0642,github.com,78.334,200,0,1
10.0659,wikipedia.org,78.912,200,0,1
10.0662,example.com,65.771,200,0,1
10.0670,google.com,65.937,200,0,1
10.0671,cloudflare.com,66.224,200,0,1
10.0673,github.com,66.522,200,0,1
10.0677,wikipedia.org,75.605,200,0,1
10.0685,example.com,74.536,200,0,1
10.0687,google.com,63.724,200,0,1
10.0694,cloudflare.com,64.791,200,0,1
10.0699,github.com,64.814,200,0,1
10.0749,wikipedia.org,58.629,200,0,1
10.0811,example.com,62.870,200,0,1
10.0827,google.com,66.566,200,0,1
10.0841,cloudflare.com,73.864,200,0,1
10.0846,github.com,67.583,200,0,1
10.0855,wikipedia.org,64.515,200,0,1
10.0870,example.com,71.563,200,0,1
10.0917,google.com,60.418,200,0,1
10.0940,cloudflare.com,74.380,200,0,1
10.0995,github.com,49.683,200,0,1
10.1000,wikipedia.org,57.657,200,0,1
10.1064,example.com,75.418,200,0,1
10.1068,google.com,62.570,200,0,1
10.1076,cloudflare.com,74.643,200,0,1
10.1103,github.com,72.259,200,0,1
10.1154,wikipedia.org,66.993,200,0,1
10.1160,example.com,65.967,200,0,1
10.1234,google.com,61.305,200,0,1
10.1314,cloudflare.com,79.503,200,0,1
10.1320,github.com,61.224,200,0,1
10.1324,wikipedia.org,49.693,200,0,1
10.1329,example.com,62.810,200,0,1
10.1332,google.com,71.178,200,0,1
10.1333,cloudflare.com,65.675,200,0,1
10.1335,github.com,55.279,200,0,1
10.1339,wikipedia.org,54.871,200,0,1
10.1342,example.com,57.701,200,0,1
10.1347,google.com,55.441,200,0,1
10.1420,cloudflare.com,78.908,200,0,1
10.1425,github.com,79.507,200,0,1
10.1431,wikipedia.org,81.672,200,0,1
10.1433,example.com,77.002,200,0,1
10.1439,google.com,60.112,200,0,1
10.1448,cloudflare.com,76.676,200,0,1
10.1492,github.com,62.486,200,0,1
10.1493,wikipedia.org,62.808,200,0,1
10.1500,example.com,72.462,200,0,1
10.1521,google.com,61.453,200,0,1
10.1522,cloudflare.com,62.566,200,0,1
10.1577,github.com,65.591,200,0,1
10.1580,wikipedia.org,74.172,200,0,1
10.1586,example.com,66.716,200,0,1
10.1684,google.com,60.376,200,0,1
10.1693,cloudflare.com,55.251,200,0,1
10.1818,github.com,71.958,200,0,1
10.1820,wikipedia.org,56.578,200,0,1
10.1821,example.com,53.911,200,0,1
10.1823,google.com,69.991,200,0,1
10.1824,cloudflare.com,75.314,200,0,1
10.1826,github.com,75.434,200,0,1
10.1847,wikipedia.org,65.491,200,0,1
10.1887,example.com,62.299,200,0,1
10.1888,google.com,61.748,200,0,1
10.1902,cloudflare.com,61.716,200,0,1
10.1919,github.com,60.784,200,0,1
10.1932,wikipedia.org,67.266,200,0,1
10.1957,example.com,68.422,200,0,1
10.1990,google.com,65.571,200,0,1
10.2040,cloudflare.com,55.074,200,0,1
10.2043,github.com,66.560,200,0,1
10.2109,wikipedia.org,70.034,200,0,1
10.2117,example.com,48.464,200,0,1
10.2121,google.com,48.772,200,0,1
10.2136,cloudflare.com,55.872,200,0,1
10.2148,github.com,55.564,200,0,1
10.2203,wikipedia.org,62.688,200,0,1
10.2209,example.com,71.636,200,0,1
10.2215,google.com,66.008,200,0,1
10.2221,cloudflare.com,70.161,200,0,1
10.2225,github.com,62.293,200,0,1
10.2233,wikipedia.org,52.935,200,0,1
10.2246,example.com,55.083,200,0,1
10.2248,google.com,74.297,200,0,1
10.2253,cloudflare.com,59.290,200,0,1
10.2288,github.com,62.778,200,0,1
10.2321,wikipedia.org,60.885,200,0,1
10.2361,example.com,53.690,200,0,1
10.2386,google.com,52.149,200,0,1
10.2502,cloudflare.com,62.870,200,0,1
10.2506,github.com,49.244,200,0,1
10.2510,wikipedia.org,43.698,200,0,1
10.2519,example.com,54.782,200,0,1
10.2522,google.com,63.306,200,0,1
10.2527,cloudflare.com,49.917,200,0,1
10.2538,github.com,62.019,200,0,1
10.2577,wikipedia.org,60.093,200,0,1
10.2580,example.com,59.381,200,0,1
10.2591,google.com,49.730,200,0,1
10.2601,cloudflare.com,52.330,200,0,1
10.2605,github.com,60.298,200,0,1
10.2609,wikipedia.org,53.928,200,0,1
10.2641,example.com,58.776,200,0,1
10.2646,google.com,59.169,200,0,1
10.2694,cloudflare.com,48.647,200,0,1
10.2705,github.com,52.954,200,0,1
10.2709,wikipedia.org,57.027,200,0,1
10.2762,example.com,43.027,200,0,1
10.2797,google.com,44.405,200,0,1
10.2809,cloudflare.com,64.171,200,0,1
10.2830,github.com,49.248,200,0,1
10.2846,wikipedia.org,54.136,200,0,1
10.2848,example.com,55.061,200,0,1
10.2875,google.com,49.736,200,0,1
10.2898,cloudflare.com,41.802,200,0,1
10.2908,github.com,45.718,200,0,1
10.2916,wikipedia.org,59.191,200,0,1
10.2923,example.com,65.851,200,0,1
10.2925,google.com,63.837,200,0,1
10.2930,cloudflare.com,56.648,200,0,1
10.2947,github.com,49.793,200,0,1
10.2991,wikipedia.org,65.262,200,0,1
10.2998,example.com,48.724,200,0,1
10.3027,google.com,47.334,200,0,1
10.3067,cloudflare.com,48.401,200,0,1
10.3089,github.com,48.666,200,0,1
10.3125,wikipedia.org,44.513,200,0,1
10.3131,example.com,54.096,200,0,1
10.3148,google.com,43.829,200,0,1
10.3156,cloudflare.com,62.383,200,0,1
10.3158,github.com,54.638,200,0,1
10.3174,wikipedia.org,56.543,200,0,1
10.3178,example.com,57.361,200,0,1
10.3181,google.com,48.809,200,0,1
10.3192,cloudflare.com,45.378,200,0,1
10.3208,github.com,56.827,200,0,1
10.3229,wikipedia.org,57.276,200,0,1
10.3234,example.com,55.189,200,0,1
10.3238,google.com,60.018,200,0,1
10.3241,cloudflare.com,51.944,200,0,1
10.3280,github.com,58.239,200,0,1
10.3316,wikipedia.org,45.142,200,0,1
10.3322,example.com,53.381,200,0,1
10.3365,google.com,44.336,200,0,1
10.3373,cloudflare.com,52.244,200,0,1
10.3387,github.com,49.561,200,0,1
10.3399,wikipedia.org,50.008,200,0,1
10.3445,example.com,39.803,200,0,1
10.3451,google.com,63.254,200,0,1
10.3486,cloudflare.com,47.061,200,0,1
10.3497,github.com,52.328,200,0,1
10.3500,wikipedia.org,46.567,200,0,1
10.3508,example.com,52.811,200,0,1
10.3551,google.com,45.168,200,0,1
10.3564,cloudflare.com,57.021,200,0,1
10.3570,github.com,44.007,200,0,1
10.3575,wikipedia.org,44.657,200,0,1
10.3582,example.com,58.014,200,0,1
10.3586,google.com,42.842,200,0,1
10.3643,cloudflare.com,64.169,200,0,1
10.3646,github.com,40.777,200,0,1
10.3669,wikipedia.org,42.224,200,0,1
10.3672,example.com,63.262,200,0,1
10.3705,google.com,47.932,200,0,1
10.3739,cloudflare.com,51.451,200,0,1
10.3752,github.com,66.609,200,0,1
10.3760,wikipedia.org,58.011,200,0,1
10.3767,example.com,51.129,200,0,1
10.3776,google.com,63.596,200,0,1
10.3779,cloudflare.com,66.308,200,0,1
10.3786,github.com,62.867,200,0,1
10.3802,wikipedia.org,66.863,200,0,1
10.3808,example.com,59.829,200,0,1
10.3838,google.com,64.045,200,0,1
10.3844,cloudflare.com,55.259,200,0,1
10.3856,github.com,66.540,200,0,1
10.3862,wikipedia.org,63.604,200,0,1
10.3883,example.com,58.057,200,0,1
10.3895,google.com,63.770,200,0,1
10.3899,cloudflare.com,56.961,200,0,1
10.3956,github.com,48.002,200,0,1
10.3966,wikipedia.org,50.619,200,0,1
10.4003,example.com,49.803,200,0,1
10.4010,google.com,47.363,200,0,1
10.4015,cloudflare.com,47.046,200,0,1
10.4020,github.com,55.686,200,0,1
10.4022,wikipedia.org,46.440,200,0,1
10.4036,example.com,51.651,200,0,1
10.4054,google.com,44.537,200,0,1
10.4084,cloudflare.com,58.143,200,0,1
10.4091,github.com,43.759,200,0,1
10.4134,wikipedia.org,59.639,200,0,1
10.4162,example.com,62.073,200,0,1
10.4184,google.com,49.055,200,0,1
10.4254,cloudflare.com,51.312,200,0,1
10.4279,github.com,40.652,200,0,1
10.4285,wikipedia.org,69.273,200,0,1
10.4305,example.com,62.480,200,0,1
10.4341,google.com,42.251,200,0,1
10.4396,cloudflare.com,53.837,200,0,1
10.4407,github.com,54.810,200,0,1
10.4412,wikipedia.org,60.780,200,0,1
10.4415,example.com,56.433,200,0,1
10.4418,google.com,60.699,200,0,1
10.4436,cloudflare.com,47.553,200,0,1
10.4443,github.com,71.649,200,0,1
10.4464,wikipedia.org,70.569,200,0,1
10.4469,example.com,69.749,200,0,1
10.4471,google.com,56.496,200,0,1
10.4472,cloudflare.com,50.300,200,0,1
10.4478,github.com,62.466,200,0,1
10.4484,wikipedia.org,46.159,200,0,1
10.4485,example.com,50.657,200,0,1
10.4486,google.com,51.759,200,0,1
10.4498,cloudflare.com,61.092,200,0,1
10.4500,github.com,50.044,200,0,1
10.4501,wikipedia.org,51.423,200,0,1
10.4522,example.com,63.082,200,0,1
10.4529,google.com,56.814,200,0,1
10.4533,cloudflare.com,72.838,200,0,1
10.4552,github.com,70.615,200,0,1
10.4577,wikipedia.org,67.810,200,0,1
10.4665,example.com,67.035,200,0,1
10.4675,google.com,64.532,200,0,1
10.4686,cloudflare.com,56.697,200,0,1
10.4730,github.com,61.805,200,0,1
10.4763,wikipedia.org,53.037,200,0,1
10.4767,example.com,55.002,200,0,1
10.4783,google.com,62.489,200,0,1
10.4912,cloudflare.com,47.745,200,0,1
10.4930,github.com,68.000,200,0,1
10.4935,wikipedia.org,41.181,200,0,1
10.4945,example.com,44.882,200,0,1
10.4955,google.com,52.798,200,0,1
10.4975,cloudflare.com,52.552,200,0,1
10.4978,github.com,116.791,200,0,1
10.4979,wikipedia.org,51.962,200,0,1
10.4992,example.com,50.543,200,0,1
10.5000,google.com,49.329,200,0,1
10.5004,cloudflare.com,60.242,200,0,1
10.5015,github.com,61.653,200,0,1
10.5020,wikipedia.org,103.040,200,0,1
10.5025,example.com,108.584,200,0,1
10.5036,google.com,102.986,200,0,1
10.5097,cloudflare.com,97.197,200,0,1
10.5103,github.com,104.736,200,0,1
10.5109,wikipedia.org,104.883,200,0,1
10.5153,example.com,119.493,200,0,1
10.5159,google.com,112.038,200,0,1
10.5166,cloudflare.com,112.774,200,0,1
10.5169,github.com,113.541,200,0,1
10.5253,wikipedia.org,101.852,200,0,1
10.5255,example.com,109.798,200,0,1
10.5259,google.com,118.343,200,0,1
10.5261,cloudflare.com,109.467,200,0,1
10.5294,github.com,101.698,200,0,1
10.5317,wikipedia.org,103.217,200,0,1
10.5320,example.com,105.822,200,0,1
10.5336,google.com,116.323,200,0,1
10.5347,cloudflare.com,105.440,200,0,1
10.5349,github.com,115.226,200,0,1
10.5390,wikipedia.org,104.105,200,0,1
10.5394,example.com,102.797,200,0,1
10.5408,google.com,109.769,200,0,1
10.5483,cloudflare.com,95.039,200,0,1
10.5494,github.com,91.633,200,0,1
10.5497,wikipedia.org,91.951,200,0,1
10.5499,example.com,92.628,200,0,1
10.5501,google.com,93.550,200,0,1
10.5607,cloudflare.com,81.319,200,0,1
10.5610,github.com,82.916,200,0,1
10.5632,wikipedia.org,82.102,200,0,1
10.6051,example.com,76.221,200,0,1
10.6066,google.com,73.235,200,0,1
10.6069,cloudflare.com,71.215,200,0,1
10.6111,github.com,73.929,200,0,1
10.6146,wikipedia.org,89.021,200,0,1
10.6151,example.com,72.444,200,0,1
10.6158,google.com,87.094,200,0,1
10.6271,cloudflare.com,76.955,200,0,1
10.6280,github.com,77.283,200,0,1
10.6294,wikipedia.org,75.347,200,0,1
10.6305,example.com,73.742,200,0,1
10.6311,google.com,73.783,200,0,1
10.6348,cloudflare.com,75.729,200,0,1
10.6350,github.com,74.450,200,0,1
10.6353,wikipedia.org,75.767,200,0,1
10.6356,example.com,76.131,200,0,1
10.6378,google.com,73.138,200,0,1
10.6401,cloudflare.com,64.226,200,0,1
10.6411,github.com,62.759,200,0,1
10.6417,wikipedia.org,62.840,200,0,1
10.6420,example.com,63.024,200,0,1
10.6422,google.com,63.320,200,0,1
10.6425,cloudflare.com,70.312,200,0,1
10.6431,github.com,71.170,200,0,1
10.6433,wikipedia.org,69.004,200,0,1
10.6436,example.com,68.822,200,0,1
10.6439,google.com,71.055,200,0,1
10.6442,cloudflare.com,72.461,200,0,1
10.6453,github.com,70.759,200,0,1
10.6499,wikipedia.org,74.456,200,0,1
10.6501,example.com,73.805,200,0,1
10.6505,google.com,74.750,200,0,1
10.6782,cloudflare.com,49.527,200,0,1
10.6798,github.com,55.621,200,0,1
10.6813,wikipedia.org,53.224,200,0,1
10.6851,example.com,54.269,200,0,1
10.6875,google.com,54.475,200,0,1
10.7029,cloudflare.com,60.351,200,0,1
10.7036,github.com,113.215,200,0,1
10.7039,wikipedia.org,52.888,200,0,1
10.7041,example.com,53.525,200,0,1
10.7042,google.com,99.877,200,0,1
10.7043,cloudflare.com,52.976,200,0,1
10.7045,github.com,53.560,200,0,1
10.7047,wikipedia.org,102.040,200,0,1
10.7049,example.com,75.192,200,0,1
10.7050,google.com,74.053,200,0,1
10.7053,cloudflare.com,103.316,200,0,1
10.7055,github.com,50.900,200,0,1
10.7094,wikipedia.org,78.509,200,0,1
10.7105,example.com,101.751,200,0,1
10.7110,google.com,86.398,200,0,1
10.7111,cloudflare.com,85.722,200,0,1
10.7117,github.com,104.031,200,0,1
10.7123,wikipedia.org,94.530,200,0,1
10.7124,example.com,68.127,200,0,1
10.7129,google.com,95.802,200,0,1
10.7143,cloudflare.com,93.355,200,0,1
10.7150,github.com,98.724,200,0,1
10.7160,wikipedia.org,94.752,200,0,1
10.7167,example.com,98.543,200,0,1
10.7239,google.com,119.287,200,0,1
10.7244,cloudflare.com,120.655,200,0,1
10.7253,github.com,120.911,200,0,1
10.7277,wikipedia.org,106.375,200,0,1
10.7345,example.com,109.035,200,0,1
10.7354,google.com,108.551,200,0,1
10.7393,cloudflare.com,105.160,200,0,1
10.7420,github.com,104.700,200,0,1
10.7565,wikipedia.org,83.146,200,0,1
10.7567,example.com,80.268,200,0,1
10.7573,google.com,80.731,200,0,1
10.7576,cloudflare.com,87.797,200,0,1
10.7581,github.com,86.071,200,0,1
10.7633,wikipedia.org,96.243,200,0,1
10.7791,example.com,72.504,200,0,1
10.7801,google.com,71.898,200,0,1
10.7806,cloudflare.com,70.787,200,0,1
10.7879,github.com,69.474,200,0,1
10.7968,wikipedia.org,61.868,200,0,1
10.7974,example.com,60.681,200,0,1
10.8041,google.com,70.627,200,0,1
10.8068,cloudflare.com,83.418,200,0,1
10.8069,github.com,61.713,200,0,1
10.8076,wikipedia.org,57.737,200,0,1
10.8086,example.com,76.553,200,0,1
10.8087,google.com,62.617,200,0,1
10.8108,cloudflare.com,60.109,200,0,1
10.8123,github.com,80.694,200,0,1
10.8137,wikipedia.org,75.376,200,0,1
10.8152,example.com,85.172,200,0,1
10.8158,google.com,82.519,200,0,1
10.8168,cloudflare.com,90.889,200,0,1
10.8341,github.com,68.927,200,0,1
10.8370,wikipedia.org,62.622,200,0,1
10.8381,example.com,62.493,200,0,1
10.8396,google.com,76.258,200,0,1
10.8432,cloudflare.com,99.631,200,0,1
10.8436,github.com,81.930,200,0,1
10.8440,wikipedia.org,82.101,200,0,1
10.8442,example.com,73.643,200,0,1
10.8445,google.com,97.980,200,0,1
10.8450,cloudflare.com,101.932,200,0,1
10.8454,github.com,85.602,200,0,1
10.8462,wikipedia.org,99.915,200,0,1
10.8467,example.com,99.634,200,0,1
10.8514,google.com,83.395,200,0,1
10.8516,cloudflare.com,77.977,200,0,1
10.8520,github.com,83.326,200,0,1
10.8574,wikipedia.org,84.852,200,0,1
10.8581,example.com,85.004,200,0,1
10.8587,google.com,84.619,200,0,1
10.8595,cloudflare.com,87.132,200,0,1
10.8654,github.com,68.577,200,0,1
10.8686,wikipedia.org,67.430,200,0,1
10.8709,example.com,77.879,200,0,1
10.8713,google.com,76.098,200,0,1
10.8747,cloudflare.com,73.526,200,0,1
10.8851,github.com,133.332,200,0,1
10.8891,wikipedia.org,131.166,200,0,1
10.8902,example.com,129.505,200,0,1
10.8930,google.com,132.366,200,0,1
10.8983,cloudflare.com,129.210,200,0,1
10.8997,github.com,119.138,200,0,1
10.9004,wikipedia.org,133.034,200,0,1
10.9006,example.com,118.875,200,0,1
10.9030,google.com,117.402,200,0,1
10.9077,cloudflare.com,159.673,200,0,1
10.9159,github.com,112.567,200,0,1
10.9178,wikipedia.org,111.327,200,0,1
10.9255,example.com,141.024,200,0,1
10.9261,google.com,141.653,200,0,1
10.9296,cloudflare.com,154.986,200,0,1
10.9310,github.com,153.237,200,0,1
10.9339,wikipedia.org,150.467,200,0,1
10.9348,example.com,146.599,200,0,1
10.9353,google.com,148.696,200,0,1
10.9360,cloudflare.com,148.458,200,0,1
10.9423,github.com,142.741,200,0,1
10.9425,wikipedia.org,158.448,200,0,1
10.9428,example.com,181.813,200,0,1
10.9431,google.com,142.144,200,0,1
10.9433,cloudflare.com,141.834,200,0,1
10.9461,github.com,181.375,200,0,1
10.9463,wikipedia.org,154.408,200,0,1
10.9467,example.com,139.327,200,0,1
10.9470,google.com,180.873,200,0,1
10.9474,cloudflare.com,144.845,200,0,1
10.9483,github.com,169.444,200,0,1
10.9488,wikipedia.org,143.243,200,0,1
11.0185,example.com,159.425,200,0,1
11.0188,google.com,123.788,200,0,1
11.0194,cloudflare.com,124.906,200,0,1
11.0197,github.com,130.570,200,0,1
11.0202,wikipedia.org,119.157,200,0,1
11.0204,example.com,127.842,200,0,1
11.0253,google.com,131.881,200,0,1
11.0275,cloudflare.com,135.706,200,0,1
11.0284,github.com,125.426,200,0,1
11.0292,wikipedia.org,125.546,200,0,1
11.0334,example.com,144.791,200,0,1
11.0666,google.com,126.411,200,0,1
11.0674,cloudflare.com,125.872,200,0,1
11.0678,github.com,126.400,200,0,1
11.0814,wikipedia.org,108.431,200,0,1
11.0840,example.com,106.872,200,0,1
11.0843,google.com,103.732,200,0,1
11.0844,cloudflare.com,132.291,200,0,1
11.0845,github.com,104.446,200,0,1
11.0846,wikipedia.org,102.902,200,0,1
11.0850,example.com,109.898,200,0,1
11.0852,google.com,110.136,200,0,1
11.0852,cloudflare.com,110.279,200,0,1
11.0860,github.com,110.909,200,0,1
11.0920,wikipedia.org,131.217,200,0,1
11.0922,example.com,129.736,200,0,1
11.1007,google.com,163.047,200,0,1
11.1009,cloudflare.com,163.557,200,0,1
11.1177,github.com,136.919,200,0,1
11.1247,wikipedia.org,144.572,200,0,1
11.1275,example.com,148.464,200,0,1
11.1278,google.com,147.005,200,0,1
11.1394,cloudflare.com,129.332,200,0,1
11.1426,github.com,122.914,200,0,1
11.1443,wikipedia.org,127.076,200,0,1
11.1483,example.com,127.310,200,0,1
11.1503,google.com,125.076,200,0,1
11.1539,cloudflare.com,119.772,200,0,1
11.1547,github.com,129.260,200,0,1
11.1572,wikipedia.org,174.124,200,0,1
11.1632,example.com,169.224,200,0,1
11.1779,google.com,147.514,200,0,1
11.1782,cloudflare.com,147.806,200,0,1
11.1875,github.com,139.308,200,0,1
11.1880,wikipedia.org,135.642,200,0,1
11.1889,example.com,136.047,200,0,1
11.1898,google.com,139.788,200,0,1
11.1909,cloudflare.com,139.789,200,0,1
11.1930,github.com,143.852,200,0,1
11.1933,wikipedia.org,182.370,200,0,1
11.1942,example.com,132.313,200,0,1
11.1949,google.com,177.555,200,0,1
11.1953,cloudflare.com,136.600,200,0,1
11.1955,github.com,178.488,200,0,1
11.1969,wikipedia.org,176.394,200,0,1
11.2167,example.com,158.137,200,0,1
11.2220,google.com,154.982,200,0,1
11.2233,cloudflare.com,153.198,200,0,1
11.2547,github.com,122.546,200,0,1
11.2638,wikipedia.org,122.990,200,0,1
11.2645,example.com,133.425,200,0,1
11.2655,google.com,110.627,200,0,1
11.2688,cloudflare.com,140.887,200,0,1
11.2692,github.com,134.075,200,0,1
11.2714,wikipedia.org,119.598,200,0,1
11.2737,example.com,120.526,200,0,1
11.2749,google.com,145.209,200,0,1
11.2754,cloudflare.com,134.800,200,0,1
11.2756,github.com,120.541,200,0,1
11.2760,wikipedia.org,142.888,200,0,1
11.2840,example.com,125.286,200,0,1
11.3237,google.com,87.370,200,0,1
11.3250,cloudflare.com,93.160,200,0,1
11.3254,github.com,92.563,200,0,1
11.3260,wikipedia.org,93.101,200,0,1
11.3265,example.com,100.400,200,0,1
11.3268,google.com,84.763,200,0,1
11.3296,cloudflare.com,88.051,200,0,1
11.3307,github.com,87.855,200,0,1
11.3314,wikipedia.org,94.537,200,0,1
11.3319,example.com,94.710,200,0,1
11.3325,google.com,93.794,200,0,1
11.3368,cloudflare.com,88.339,200,0,1
11.3725,github.com,63.282,200,0,1
11.3733,wikipedia.org,63.984,200,0,1
11.3740,example.com,61.554,200,0,1
11.3749,google.com,52.792,200,0,1
11.3757,cloudflare.com,64.338,200,0,1
11.3762,github.com,51.368,200,0,1
11.3765,wikipedia.org,52.560,200,0,1
11.3770,example.com,54.732,200,0,1
11.3772,google.com,54.792,200,0,1
11.3868,cloudflare.com,53.604,200,0,1
11.3911,github.com,46.770,200,0,1
11.3942,wikipedia.org,45.276,200,0,1
11.3961,example.com,45.468,200,0,1
11.3979,google.com,51.684,200,0,1
11.4033,cloudflare.com,59.572,200,0,1
11.4093,github.com,51.314,200,0,1
11.4096,wikipedia.org,59.157,200,0,1
11.4102,example.com,52.189,200,0,1
11.4111,google.com,43.812,200,0,1
11.4116,cloudflare.com,47.852,200,0,1
11.4177,github.com,52.190,200,0,1
11.4180,wikipedia.org,92.812,200,0,1
11.4182,example.com,52.055,200,0,1
11.4185,google.com,52.775,200,0,1
11.4189,cloudflare.com,77.819,200,0,1
11.4192,github.com,92.656,200,0,1
11.4201,wikipedia.org,99.432,200,0,1
11.4252,example.com,68.908,200,0,1
11.4259,google.com,69.532,200,0,1
11.4263,cloudflare.com,69.487,200,0,1
11.4266,github.com,68.263,200,0,1
11.4269,wikipedia.org,69.213,200,0,1
11.4275,example.com,58.806,200,0,1
11.4277,google.com,82.344,200,0,1
11.4290,cloudflare.com,82.408,200,0,1
11.4317,github.com,80.246,200,0,1
11.4320,wikipedia.org,96.732,200,0,1
11.4356,example.com,84.530,200,0,1
11.4358,google.com,100.582,200,0,1
11.4373,cloudflare.com,100.057,200,0,1
11.4379,github.com,90.013,200,0,1
11.4396,wikipedia.org,109.118,200,0,1
11.4400,example.com,120.375,200,0,1
11.4404,google.com,118.634,200,0,1
11.4416,cloudflare.com,107.865,200,0,1
11.4496,github.com,110.264,200,0,1
11.4549,wikipedia.org,93.327,200,0,1
11.4594,example.com,90.434,200,0,1
11.4606,google.com,89.943,200,0,1
11.4624,cloudflare.com,111.743,200,0,1
11.4629,github.com,114.375,200,0,1
11.4688,wikipedia.org,106.380,200,0,1
11.4699,example.com,98.483,200,0,1
11.4702,google.com,105.339,200,0,1
11.4713,cloudflare.com,105.198,200,0,1
11.4864,github.com,89.725,200,0,1
11.4941,wikipedia.org,90.873,200,0,1
11.4949,example.com,88.424,200,0,1
11.4954,google.com,109.574,200,0,1
11.4957,cloudflare.com,108.813,200,0,1
11.4961,github.com,109.469,200,0,1
11.4967,wikipedia.org,103.054,200,0,1
11.5102,example.com,83.166,200,0,1
11.5108,google.com,90.548,200,0,1
11.5114,cloudflare.com,91.060,200,0,1
11.5118,github.com,90.153,200,0,1
11.5120,wikipedia.org,91.993,200,0,1
11.5195,example.com,90.093,200,0,1
11.5201,google.com,87.456,200,0,1
11.5279,cloudflare.com,73.019,200,0,1
11.5287,github.com,81.509,200,0,1
11.5364,wikipedia.org,82.119,200,0,1
11.5374,example.com,81.679,200,0,1
11.5482,google.com,60.524,200,0,1
11.5487,cloudflare.com,61.773,200,0,1
11.5495,github.com,63.294,200,0,1
11.5499,wikipedia.org,61.404,200,0,1
11.5505,example.com,58.452,200,0,1
11.5591,google.com,62.794,200,0,1
11.5599,cloudflare.com,60.363,200,0,1
11.5604,github.com,69.731,200,0,1
11.5684,wikipedia.org,54.481,200,0,1
11.5742,example.com,74.325,200,0,1
11.5752,google.com,67.536,200,0,1
11.5756,cloudflare.com,52.397,200,0,1
11.5761,github.com,47.091,200,0,1
11.5765,wikipedia.org,62.254,200,0,1
11.5773,example.com,100.152,200,0,1
11.5833,google.com,94.693,200,0,1
11.5850,cloudflare.com,95.830,200,0,1
11.5933,github.com,117.016,200,0,1
11.5998,wikipedia.org,132.870,200,0,1
11.6010,example.com,110.632,200,0,1
11.6014,google.com,122.255,200,0,1
11.6020,cloudflare.com,122.143,200,0,1
11.6025,github.com,109.966,200,0,1
11.6040,wikipedia.org,109.029,200,0,1
11.6046,example.com,126.945,200,0,1
11.6050,google.com,125.277,200,0,1
11.6056,cloudflare.com,125.429,200,0,1
11.6076,github.com,124.711,200,0,1
11.6088,wikipedia.org,112.497,200,0,1
11.6090,example.com,114.168,200,0,1
11.6096,google.com,123.286,200,0,1
11.6103,cloudflare.com,113.235,200,0,1
11.6105,github.com,111.667,200,0,1
11.6113,wikipedia.org,111.387,200,0,1
11.6128,example.com,111.103,200,0,1
11.6185,google.com,113.422,200,0,1
11.6190,cloudflare.com,161.020,200,0,1
11.6203,github.com,158.355,200,0,1
11.6219,wikipedia.org,166.275,200,0,1
11.6229,example.com,154.812,200,0,1
11.6232,google.com,144.838,200,0,1
11.6280,cloudflare.com,146.488,200,0,1
11.6301,github.com,149.294,200,0,1
11.6388,wikipedia.org,137.362,200,0,1
11.6427,example.com,128.116,200,0,1
11.6485,google.com,162.606,200,0,1
11.6775,cloudflare.com,174.580,200,0,1
11.6780,github.com,176.232,200,0,1
11.6808,wikipedia.org,176.725,200,0,1
11.7104,example.com,135.518,200,0,1
11.7116,google.com,135.060,200,0,1
11.7125,cloudflare.com,139.817,200,0,1
11.7130,github.com,142.189,200,0,1
11.7213,wikipedia.org,127.452,200,0,1
11.7221,example.com,130.415,200,0,1
11.7227,google.com,133.328,200,0,1
11.7232,cloudflare.com,132.570,200,0,1
11.7235,github.com,132.990,200,0,1
11.7236,wikipedia.org,134.614,200,0,1
11.7239,example.com,133.907,200,0,1
11.7241,google.com,133.886,200,0,1
11.7303,cloudflare.com,134.235,200,0,1
11.7310,github.com,134.075,200,0,1
11.7315,wikipedia.org,133.789,200,0,1
11.7319,example.com,132.018,200,0,1
11.7323,google.com,132.464,200,0,1
11.7326,cloudflare.com,133.053,200,0,1
11.7329,github.com,156.204,200,0,1
11.7680,wikipedia.org,109.657,200,0,1
11.7709,example.com,125.605,200,0,1
11.7745,google.com,103.698,200,0,1
11.7762,cloudflare.com,112.076,200,0,1
11.7777,github.com,109.366,200,0,1
11.7786,wikipedia.org,122.782,200,0,1
11.7794,example.com,113.381,200,0,1
11.7801,google.com,126.617,200,0,1
11.7882,cloudflare.com,118.364,200,0,1
11.8111,github.com,88.012,200,0,1
11.8459,wikipedia.org,66.694,200,0,1
11.8467,example.com,68.664,200,0,1
11.8487,google.com,64.675,200,0,1
11.8521,cloudflare.com,93.669,200,0,1
11.8523,github.com,61.936,200,0,1
11.8526,wikipedia.org,59.058,200,0,1
11.8543,example.com,61.408,200,0,1
11.8552,google.com,59.830,200,0,1
11.8558,cloudflare.com,58.860,200,0,1
11.8560,github.com,80.234,200,0,1
11.8565,wikipedia.org,80.755,200,0,1
11.8576,example.com,62.194,200,0,1
11.8578,google.com,56.288,200,0,1
11.8580,cloudflare.com,104.555,200,0,1
11.8583,github.com,102.053,200,0,1
11.8640,wikipedia.org,80.215,200,0,1
11.8645,example.com,80.120,200,0,1
11.8647,google.com,80.482,200,0,1
11.8651,cloudflare.com,80.815,200,0,1
11.8653,github.com,80.263,200,0,1
11.8657,wikipedia.org,103.183,200,0,1
11.8777,example.com,81.672,200,0,1
11.8782,google.com,65.524,200,0,1
11.8871,cloudflare.com,73.962,200,0,1
11.8882,github.com,74.794,200,0,1
11.8891,wikipedia.org,80.521,200,0,1
11.8928,example.com,92.975,200,0,1
11.8965,google.com,100.179,200,0,1
11.8991,cloudflare.com,100.579,200,0,1
11.9014,github.com,83.891,200,0,1
11.9065,wikipedia.org,99.635,200,0,1
11.9067,example.com,99.330,200,0,1
11.9116,google.com,85.446,200,0,1
11.9126,cloudflare.com,86.072,200,0,1
11.9134,github.com,85.114,200,0,1
11.9141,wikipedia.org,85.276,200,0,1
11.9142,example.com,83.488,200,0,1
11.9146,google.com,83.538,200,0,1
11.9151,cloudflare.com,83.807,200,0,1
11.9153,github.com,83.750,200,0,1
11.9157,wikipedia.org,89.125,200,0,1
11.9198,example.com,84.866,200,0,1
11.9363,google.com,81.754,200,0,1
11.9373,cloudflare.com,86.920,200,0,1
11.9437,github.com,75.261,200,0,1
11.9442,wikipedia.org,94.630,200,0,1
11.9447,example.com,81.590,200,0,1
11.9452,google.com,94.004,200,0,1
11.9456,cloudflare.com,94.275,200,0,1
11.9457,github.com,116.177,200,0,1
11.9459,wikipedia.org,94.483,200,0,1
11.9594,example.com,96.965,200,0,1
11.9603,google.com,100.663,200,0,1
11.9611,cloudflare.com,97.413,200,0,1
11.9626,github.com,100.278,200,0,1
11.9630,wikipedia.org,90.706,200,0,1
11.9689,example.com,135.400,200,0,1
11.9696,google.com,98.122,200,0,1
11.9853,cloudflare.com,121.011,200,0,1
11.9858,github.com,121.365,200,0,1
11.9967,wikipedia.org,113.677,200,0,1
11.9971,example.com,103.240,200,0,1
11.9977,google.com,103.187,200,0,1
11.9982,cloudflare.com,103.608,200,0,1
11.9985,github.com,100.184,200,0,1
11.9987,wikipedia.org,105.080,200,0,1
11.9989,example.com,102.739,200,0,1
11.9991,google.com,101.529,200,0,1
11.9994,cloudflare.com,101.834,200,0,1
11.9997,github.com,111.700,200,0,1
12.0046,wikipedia.org,101.530,200,0,1
12.0048,example.com,113.956,200,0,1
12.0060,google.com,114.122,200,0,1
12.0062,cloudflare.com,114.514,200,0,1
12.0181,github.com,92.472,200,0,1
12.0190,wikipedia.org,98.279,200,0,1
12.0242,example.com,93.984,200,0,1
12.0263,google.com,98.897,200,0,1
12.0388,cloudflare.com,87.387,200,0,1
12.0393,github.com,87.334,200,0,1
12.0399,wikipedia.org,89.749,200,0,1
12.0404,example.com,87.141,200,0,1
12.0537,google.com,67.321,200,0,1
12.0564,cloudflare.com,62.647,200,0,1
12.0585,github.com,63.067,200,0,1
12.0610,wikipedia.org,62.911,200,0,1
12.0619,example.com,66.057,200,0,1
12.0630,google.com,61.218,200,0,1
12.0678,cloudflare.com,68.068,200,0,1
12.0987,github.com,47.292,200,0,1
12.1003,wikipedia.org,46.955,200,0,1
12.1006,example.com,53.044,200,0,1
12.1009,google.com,55.137,200,0,1
12.1012,cloudflare.com,57.753,200,0,1
12.1016,github.com,55.597,200,0,1
12.1018,wikipedia.org,51.387,200,0,1
12.1038,example.com,58.629,200,0,1
12.1043,google.com,75.730,200,0,1
12.1062,cloudflare.com,66.227,200,0,1
12.1063,github.com,66.467,200,0,1
12.1072,wikipedia.org,74.475,200,0,1
12.1104,example.com,72.483,200,0,1
12.1105,google.com,53.883,200,0,1
12.1114,cloudflare.com,62.453,200,0,1
12.1173,github.com,56.289,200,0,1
12.1182,wikipedia.org,79.211,200,0,1
12.1188,example.com,65.384,200,0,1
12.1190,google.com,54.345,200,0,1
12.1201,cloudflare.com,64.320,200,0,1
12.1207,github.com,71.190,200,0,1
12.1211,wikipedia.org,64.471,200,0,1
12.1216,example.com,63.304,200,0,1
12.1239,google.com,87.577,200,0,1
12.1242,cloudflare.com,80.181,200,0,1
12.1252,github.com,78.482,200,0,1
12.1262,wikipedia.org,75.518,200,0,1
12.1267,example.com,64.779,200,0,1
12.1276,google.com,78.391,200,0,1
12.1280,cloudflare.com,93.517,200,0,1
12.1296,github.com,77.018,200,0,1
12.1358,wikipedia.org,87.099,200,0,1
12.1460,example.com,66.744,200,0,1
12.1473,google.com,66.656,200,0,1
12.1532,cloudflare.com,71.229,200,0,1
12.1537,github.com,71.456,200,0,1
12.1561,wikipedia.org,75.544,200,0,1
12.1572,example.com,73.656,200,0,1
12.1590,google.com,71.373,200,0,1
12.1624,cloudflare.com,61.320,200,0,1
12.1644,github.com,72.873,200,0,1
12.1724,wikipedia.org,71.083,200,0,1
12.1728,example.com,70.968,200,0,1
12.1734,google.com,65.422,200,0,1
12.1736,cloudflare.com,65.632,200,0,1
12.1739,github.com,79.067,200,0,1
12.1800,wikipedia.org,87.419,200,0,1
12.1816,example.com,86.529,200,0,1
12.1828,google.com,71.261,200,0,1
12.1842,cloudflare.com,84.162,200,0,1
12.1845,github.com,83.980,200,0,1
12.1849,wikipedia.org,70.764,200,0,1
12.1855,example.com,70.400,200,0,1
12.1914,google.com,75.518,200,0,1
12.1919,cloudflare.com,94.046,200,0,1
12.1974,github.com,82.309,200,0,1
12.2017,wikipedia.org,84.857,200,0,1
12.2037,example.com,100.884,200,0,1
12.2044,google.com,88.413,200,0,1
12.2060,cloudflare.com,99.086,200,0,1
12.2067,github.com,98.231,200,0,1
12.2115,wikipedia.org,94.474,200,0,1
12.2128,example.com,80.244,200,0,1
12.2139,google.com,76.504,200,0,1
12.2215,cloudflare.com,87.922,200,0,1
12.2229,github.com,88.382,200,0,1
12.2237,wikipedia.org,82.068,200,0,1
12.2244,example.com,67.013,200,0,1
12.2252,google.com,80.021,200,0,1
12.2303,cloudflare.com,75.335,200,0,1
12.2309,github.com,74.542,200,0,1
12.2316,wikipedia.org,74.594,200,0,1
12.2373,example.com,69.515,200,0,1
12.2388,google.com,73.675,200,0,1
12.2392,cloudflare.com,66.322,200,0,1
12.2435,github.com,79.083,200,0,1
12.2438,wikipedia.org,82.369,200,0,1
12.2530,example.com,72.765,200,0,1
12.2541,google.com,74.079,200,0,1
12.2556,cloudflare.com,64.781,200,0,1
12.2560,github.com,66.758,200,0,1
12.2670,wikipedia.org,67.299,200,0,1
12.2674,example.com,67.856,200,0,1
12.2682,google.com,72.368,200,0,1
12.2683,cloudflare.com,65.524,200,0,1
12.2685,github.com,66.542,200,0,1
12.2797,wikipedia.org,60.063,200,0,1
12.2859,example.com,62.870,200,0,1
12.2866,google.com,55.653,200,0,1
12.2905,cloudflare.com,48.254,200,0,1
12.2914,github.com,47.559,200,0,1
12.2928,wikipedia.org,51.117,200,0,1
12.2930,example.com,46.215,200,0,1
12.3046,google.com,58.218,200,0,1
12.3049,cloudflare.com,56.681,200,0,1
12.3051,github.com,55.668,200,0,1
12.3052,wikipedia.org,51.777,200,0,1
12.3054,example.com,53.307,200,0,1
12.3055,google.com,46.170,200,0,1
12.3057,cloudflare.com,53.197,200,0,1
12.3058,github.com,51.729,200,0,1
12.3060,wikipedia.org,53.577,200,0,1
12.3062,example.com,53.041,200,0,1
12.3068,google.com,51.631,200,0,1
12.3094,cloudflare.com,56.567,200,0,1
12.3113,github.com,60.428,200,0,1
12.3125,wikipedia.org,46.526,200,0,1
12.3204,example.com,41.483,200,0,1
12.3226,google.com,53.265,200,0,1
12.3227,cloudflare.com,47.289,200,0,1
12.3257,github.com,52.543,200,0,1
12.3262,wikipedia.org,50.236,200,0,1
12.3282,example.com,50.678,200,0,1
12.3339,google.com,54.688,200,0,1
12.3343,cloudflare.com,53.595,200,0,1
12.3350,github.com,56.017,200,0,1
12.3353,wikipedia.org,64.504,200,0,1
12.3387,example.com,45.401,200,0,1
12.3390,google.com,49.987,200,0,1
12.3393,cloudflare.com,43.654,200,0,1
12.3398,github.com,57.798,200,0,1
12.3406,wikipedia.org,60.420,200,0,1
12.3423,example.com,55.654,200,0,1
12.3439,google.com,54.182,200,0,1
12.3488,cloudflare.com,56.749,200,0,1
12.3517,github.com,63.887,200,0,1
12.3570,wikipedia.org,57.591,200,0,1
12.3575,example.com,58.414,200,0,1
12.3585,google.com,64.761,200,0,1
12.3587,cloudflare.com,78.305,200,0,1
12.3589,github.com,64.969,200,0,1
12.3590,wikipedia.org,56.227,200,0,1
12.3593,example.com,56.989,200,0,1
12.3596,google.com,78.609,200,0,1
12.3607,cloudflare.com,81.842,200,0,1
12.3616,github.com,80.675,200,0,1
12.3619,wikipedia.org,74.226,200,0,1
12.3628,example.com,78.942,200,0,1
12.3660,google.com,96.725,200,0,1
12.3700,cloudflare.com,69.564,200,0,1
12.3718,github.com,102.548,200,0,1
12.3759,wikipedia.org,90.079,200,0,1
12.3764,example.com,90.181,200,0,1
12.3783,google.com,89.334,200,0,1
12.3789,cloudflare.com,96.200,200,0,1
12.3829,github.com,83.788,200,0,1
12.3841,wikipedia.org,82.101,200,0,1
12.3879,example.com,99.177,200,0,1
12.3886,google.com,98.720,200,0,1
12.3890,cloudflare.com,89.584,200,0,1
12.3910,github.com,98.752,200,0,1
12.3976,wikipedia.org,83.456,200,0,1
12.3979,example.com,89.922,200,0,1
12.3981,google.com,77.543,200,0,1
12.3998,cloudflare.com,89.391,200,0,1
12.4010,github.com,87.884,200,0,1
12.4056,wikipedia.org,84.053,200,0,1
12.4147,example.com,66.188,200,0,1
12.4152,google.com,66.167,200,0,1
12.4156,cloudflare.com,72.614,200,0,1
12.4160,github.com,64.795,200,0,1
12.4163,wikipedia.org,66.774,200,0,1
12.4232,example.com,66.729,200,0,1
12.4239,google.com,71.915,200,0,1
12.4362,cloudflare.com,60.928,200,0,1
12.4370,github.com,60.831,200,0,1
12.4383,wikipedia.org,58.433,200,0,1
12.4396,example.com,58.073,200,0,1
12.4418,google.com,62.766,200,0,1
12.4423,cloudflare.com,67.790,200,0,1
12.4426,github.com,67.303,200,0,1
12.4628,wikipedia.org,75.906,200,0,1
12.4660,example.com,73.916,200,0,1
12.4662,google.com,53.789,200,0,1
12.4666,cloudflare.com,75.387,200,0,1
12.4667,github.com,53.481,200,0,1
12.4676,wikipedia.org,72.929,200,0,1
12.4743,example.com,73.721,200,0,1
12.4751,google.com,67.468,200,0,1
12.4757,cloudflare.com,67.360,200,0,1
12.4786,github.com,64.357,200,0,1
12.4808,wikipedia.org,62.713,200,0,1
12.4809,example.com,61.751,200,0,1
12.4811,google.com,62.024,200,0,1
12.4814,cloudflare.com,61.334,200,0,1
12.4830,github.com,59.806,200,0,1
12.4871,wikipedia.org,59.665,200,0,1
12.4873,example.com,58.991,200,0,1
12.4879,google.com,58.658,200,0,1
12.4882,cloudflare.com,55.044,200,0,1
12.4889,github.com,69.438,200,0,1
12.4892,wikipedia.org,65.492,200,0,1
12.4896,example.com,61.130,200,0,1
12.4898,google.com,62.774,200,0,1
12.4900,cloudflare.com,53.382,200,0,1
12.4958,github.com,50.896,200,0,1
12.4968,wikipedia.org,53.312,200,0,1
12.4971,example.com,49.509,200,0,1
12.4977,google.com,49.324,200,0,1
12.4979,cloudflare.com,52.645,200,0,1
12.5045,github.com,55.553,200,0,1
12.5099,wikipedia.org,50.945,200,0,1
12.5101,example.com,55.484,200,0,1
12.5200,google.com,39.535,200,0,1
12.5202,cloudflare.com,45.265,200,0,1
12.5387,github.com,74.907,200,0,1
12.5399,wikipedia.org,59.803,200,0,1
12.5406,example.com,84.207,200,0,1
12.5420,google.com,71.109,200,0,1
12.5426,cloudflare.com,81.267,200,0,1
12.5427,github.com,49.613,200,0,1
12.5427,wikipedia.org,48.777,200,0,1
12.5428,example.com,62.713,200,0,1
12.5429,google.com,60.966,200,0,1
12.5430,cloudflare.com,84.618,200,0,1
12.5431,github.com,82.324,200,0,1
12.5433,wikipedia.org,57.549,200,0,1
12.5434,example.com,61.435,200,0,1
12.5435,google.com,61.792,200,0,1
12.5463,cloudflare.com,66.471,200,0,1
12.5465,github.com,72.409,200,0,1
12.5466,wikipedia.org,60.111,200,0,1
12.5467,example.com,60.320,200,0,1
12.5467,google.com,72.825,200,0,1
12.5470,cloudflare.com,76.317,200,0,1
12.5480,github.com,87.120,200,0,1
12.5501,wikipedia.org,77.264,200,0,1
12.5505,example.com,75.215,200,0,1
12.5508,google.com,81.258,200,0,1
12.5526,cloudflare.com,80.287,200,0,1
12.5547,github.com,82.082,200,0,1
12.5583,wikipedia.org,77.374,200,0,1
12.5596,example.com,66.709,200,0,1
12.5601,google.com,73.539,200,0,1
12.5608,cloudflare.com,75.695,200,0,1
12.5655,github.com,61.343,200,0,1
12.5655,wikipedia.org,70.423,200,0,1
12.5915,example.com,39.714,200,0,1
12.5923,google.com,40.204,200,0,1
12.5997,cloudflare.com,54.281,200,0,1
12.6008,github.com,45.718,200,0,1
12.6039,wikipedia.org,49.754,200,0,1
12.6048,example.com,51.320,200,0,1
12.6053,google.com,49.933,200,0,1
12.6056,cloudflare.com,50.238,200,0,1
12.6067,github.com,47.682,200,0,1
12.6070,wikipedia.org,49.803,200,0,1
12.6128,example.com,52.308,200,0,1
12.6131,google.com,54.008,200,0,1
12.6136,cloudflare.com,57.582,200,0,1
12.6189,github.com,50.725,200,0,1
12.6196,wikipedia.org,51.423,200,0,1
12.6233,example.com,45.584,200,0,1
12.6238,google.com,64.408,200,0,1
12.6248,cloudflare.com,57.469,200,0,1
12.6255,github.com,64.408,200,0,1
12.6257,wikipedia.org,55.293,200,0,1
12.6263,example.com,44.397,200,0,1
12.6268,google.com,43.606,200,0,1
12.6274,cloudflare.com,68.377,200,0,1
12.6276,github.com,67.379,200,0,1
12.6313,wikipedia.org,46.880,200,0,1
12.6320,example.com,58.640,200,0,1
12.6325,google.com,53.885,200,0,1
12.6328,cloudflare.com,63.641,200,0,1
12.6336,github.com,65.374,200,0,1
12.6352,wikipedia.org,73.278,200,0,1
12.6357,example.com,69.961,200,0,1
12.6360,google.com,61.855,200,0,1
12.6365,cloudflare.com,62.726,200,0,1
12.6368,github.com,70.400,200,0,1
12.6466,wikipedia.org,59.428,200,0,1
12.6537,example.com,59.956,200,0,1
12.6540,google.com,68.124,200,0,1
12.6544,cloudflare.com,59.922,200,0,1
12.6552,github.com,74.157,200,0,1
12.6558,wikipedia.org,74.146,200,0,1
12.6561,example.com,72.705,200,0,1
12.6568,google.com,69.476,200,0,1
12.6651,cloudflare.com,71.582,200,0,1
12.6671,github.com,88.932,200,0,1
12.6689,wikipedia.org,94.032,200,0,1
12.6697,example.com,86.731,200,0,1
12.6704,google.com,74.053,200,0,1
12.6707,cloudflare.com,76.513,200,0,1
12.6710,github.com,103.820,200,0,1
12.6712,wikipedia.org,104.378,200,0,1
12.6781,example.com,83.598,200,0,1
12.6810,google.com,89.684,200,0,1
12.6823,cloudflare.com,89.615,200,0,1
12.6864,github.com,83.032,200,0,1
12.6883,wikipedia.org,97.079,200,0,1
12.6899,example.com,94.524,200,0,1
12.6907,google.com,104.690,200,0,1
12.6953,cloudflare.com,95.692,200,0,1
12.6957,github.com,94.720,200,0,1
12.6965,wikipedia.org,96.082,200,0,1
12.6978,example.com,81.369,200,0,1
12.6990,google.com,95.019,200,0,1
12.6993,cloudflare.com,95.811,200,0,1
12.7057,github.com,101.065,200,0,1
12.7060,wikipedia.org,91.012,200,0,1
12.7072,example.com,99.120,200,0,1
12.7085,google.com,99.127,200,0,1
12.7136,cloudflare.com,76.247,200,0,1
12.7143,github.com,82.833,200,0,1
12.7221,wikipedia.org,83.213,200,0,1
12.7263,example.com,88.501,200,0,1
12.7289,google.com,85.225,200,0,1
12.7294,cloudflare.com,84.394,200,0,1
12.7300,github.com,85.502,200,0,1
12.7367,wikipedia.org,84.886,200,0,1
12.7445,example.com,80.141,200,0,1
12.7472,google.com,77.829,200,0,1
12.7560,cloudflare.com,78.260,200,0,1
12.7564,github.com,77.216,200,0,1
12.7618,wikipedia.org,71.036,200,0,1
12.7630,example.com,63.516,200,0,1
12.7694,google.com,73.749,200,0,1
12.7707,cloudflare.com,80.361,200,0,1
12.7719,github.com,73.072,200,0,1
12.7748,wikipedia.org,79.378,200,0,1
12.7756,example.com,265.185,200,0,1
12.7792,google.com,256.401,200,0,1
12.7844,cloudflare.com,259.846,200,0,1
12.7853,github.com,268.258,200,0,1
12.7899,wikipedia.org,243.704,200,0,1
12.7905,example.com,267.481,200,0,1
12.7910,google.com,266.151,200,0,1
12.7926,cloudflare.com,268.402,200,0,1
12.7940,github.com,263.691,200,0,1
12.7951,wikipedia.org,265.765,200,0,1
12.7954,example.com,266.009,200,0,1
12.7970,google.com,259.013,200,0,1
12.7972,cloudflare.com,259.433,200,0,1
12.8054,github.com,234.592,200,0,1
12.8063,wikipedia.org,266.970,200,0,1
12.8067,example.com,266.696,200,0,1
12.8076,google.com,266.219,200,0,1
12.8138,cloudflare.com,244.407,200,0,1
12.8141,github.com,244.631,200,0,1
12.8148,wikipedia.org,246.307,200,0,1
12.8155,example.com,249.594,200,0,1
12.8216,google.com,250.978,200,0,1
12.8247,cloudflare.com,241.961,200,0,1
12.8250,github.com,222.748,200,0,1
12.8265,wikipedia.org,241.867,200,0,1
12.8328,example.com,234.305,200,0,1
12.8336,google.com,241.486,200,0,1
12.8343,cloudflare.com,241.043,200,0,1
12.8432,github.com,1244.606,200,0,1
12.8450,wikipedia.org,1243.779,200,0,1
12.8511,example.com,1237.973,200,0,1
12.8542,google.com,1235.150,200,0,1
13.0336,cloudflare.com,85.739,200,0,1
13.0356,github.com,116.332,200,0,1
13.0400,wikipedia.org,105.029,200,0,1
13.0407,example.com,100.516,200,0,1
13.0443,google.com,102.999,200,0,1
13.0478,cloudflare.com,98.539,200,0,1
13.0536,github.com,96.797,200,0,1
13.0560,wikipedia.org,91.612,200,0,1
13.0566,example.com,90.446,200,0,1
13.0571,google.com,115.062,200,0,1
13.0577,cloudflare.com,100.230,200,0,1
13.0580,github.com,113.901,200,0,1
13.0582,wikipedia.org,87.725,200,0,1
13.0587,example.com,88.188,200,0,1
13.0609,google.com,94.032,200,0,1
13.0610,cloudflare.com,78.124,200,0,1
13.0611,github.com,89.893,200,0,1
13.0614,wikipedia.org,94.021,200,0,1
13.0651,example.com,87.054,200,0,1
13.0667,google.com,103.658,200,0,1
13.0671,cloudflare.com,83.571,200,0,1
13.0683,github.com,100.937,200,0,1
13.0725,wikipedia.org,107.503,200,0,1
13.0733,example.com,106.907,200,0,1
13.0734,google.com,109.178,200,0,1
13.0738,cloudflare.com,107.875,200,0,1
13.0751,github.com,103.930,200,0,1
13.0754,wikipedia.org,105.066,200,0,1
13.1194,example.com,53.350,200,0,1
13.1391,google.com,64.064,200,0,1
13.1413,cloudflare.com,72.135,200,0,1
13.1450,github.com,60.238,200,0,1
13.1459,wikipedia.org,58.245,200,0,1
13.1464,example.com,59.878,200,0,1
13.1469,google.com,60.338,200,0,1
13.1471,cloudflare.com,60.370,200,0,1
13.1473,github.com,85.373,200,0,1
13.1477,wikipedia.org,59.297,200,0,1
13.1504,example.com,82.450,200,0,1
13.1507,google.com,69.450,200,0,1
13.1510,cloudflare.com,79.699,200,0,1
13.1520,github.com,87.691,200,0,1
13.1521,wikipedia.org,79.379,200,0,1
13.1549,example.com,85.723,200,0,1
13.1554,google.com,84.005,200,0,1
13.1580,cloudflare.com,84.416,200,0,1
13.1693,github.com,88.663,200,0,1
13.1703,wikipedia.org,83.589,200,0,1
13.1719,example.com,86.625,200,0,1
13.1722,google.com,87.658,200,0,1
13.1727,cloudflare.com,86.816,200,0,1
13.1791,github.com,86.266,200,0,1
13.1800,wikipedia.org,85.551,200,0,1
13.1802,example.com,100.726,200,0,1
13.1804,google.com,85.475,200,0,1
13.1817,cloudflare.com,99.673,200,0,1
13.1826,github.com,97.613,200,0,1
13.2032,wikipedia.org,78.506,200,0,1
13.2042,example.com,67.013,200,0,1
13.2052,google.com,73.954,200,0,1
13.2062,cloudflare.com,65.390,200,0,1
13.2070,github.com,66.078,200,0,1
13.2073,wikipedia.org,64.933,200,0,1
13.2074,example.com,66.585,200,0,1
13.2134,google.com,70.236,200,0,1
13.2201,cloudflare.com,55.439,200,0,1
13.2307,github.com,51.156,200,0,1
13.2315,wikipedia.org,51.495,200,0,1
13.2327,example.com,56.319,200,0,1
13.2329,google.com,52.119,200,0,1
13.2394,cloudflare.com,53.108,200,0,1
13.2397,github.com,54.760,200,0,1
13.2406,wikipedia.org,55.431,200,0,1
13.2424,example.com,63.818,200,0,1
13.2539,google.com,45.808,200,0,1
13.2580,cloudflare.com,47.797,200,0,1
13.2585,github.com,66.187,200,0,1
13.2596,wikipedia.org,42.701,200,0,1
13.2599,example.com,68.242,200,0,1
13.2654,google.com,58.540,200,0,1
13.2656,cloudflare.com,61.519,200,0,1
13.2659,github.com,66.652,200,0,1
13.2712,wikipedia.org,56.194,200,0,1
13.2716,example.com,54.341,200,0,1
13.2723,google.com,54.570,200,0,1
13.2730,cloudflare.com,54.733,200,0,1
13.2740,github.com,54.378,200,0,1
13.2756,wikipedia.org,54.413,200,0,1
13.2792,example.com,60.150,200,0,1
13.2802,google.com,70.259,200,0,1
13.2809,cloudflare.com,70.075,200,0,1
13.2814,github.com,68.299,200,0,1
13.2817,wikipedia.org,60.588,200,0,1
13.2819,example.com,52.051,200,0,1
13.2830,google.com,57.456,200,0,1
13.2836,cloudflare.com,64.644,200,0,1
13.2850,github.com,57.665,200,0,1
13.2890,wikipedia.org,55.155,200,0,1
13.2925,example.com,59.695,200,0,1
13.2944,google.com,58.006,200,0,1
13.2961,cloudflare.com,55.642,200,0,1
13.2997,github.com,51.779,200,0,1
13.3023,wikipedia.org,50.777,200,0,1
13.3058,example.com,54.007,200,0,1
13.3062,google.com,59.096,200,0,1
13.3239,cloudflare.com,49.318,200,0,1
13.3247,github.com,58.921,200,0,1
13.3260,wikipedia.org,40.460,200,0,1
13.3269,example.com,50.430,200,0,1
13.3271,google.com,50.630,200,0,1
13.3274,cloudflare.com,48.951,200,0,1
13.3278,github.com,48.925,200,0,1
13.3281,wikipedia.org,59.930,200,0,1
13.3284,example.com,47.322,200,0,1
13.3300,google.com,46.925,200,0,1
13.3326,cloudflare.com,52.596,200,0,1
13.3339,github.com,47.324,200,0,1
13.3394,wikipedia.org,54.533,200,0,1
13.3405,example.com,48.778,200,0,1
13.3423,google.com,62.232,200,0,1
13.3427,cloudflare.com,58.698,200,0,1
13.3441,github.com,59.386,200,0,1
13.3483,wikipedia.org,76.575,200,0,1
13.3497,example.com,75.443,200,0,1
13.3505,google.com,75.112,200,0,1
13.3510,cloudflare.com,79.406,200,0,1
13.3515,github.com,47.552,200,0,1
13.3517,wikipedia.org,62.523,200,0,1
13.3522,example.com,65.749,200,0,1
13.3524,google.com,68.797,200,0,1
13.3530,cloudflare.com,63.216,200,0,1
13.3598,github.com,58.667,200,0,1
13.3653,wikipedia.org,71.576,200,0,1
13.3665,example.com,57.933,200,0,1
13.3732,google.com,69.091,200,0,1
13.3757,cloudflare.com,61.524,200,0,1
13.3764,github.com,59.791,200,0,1
13.3767,wikipedia.org,62.265,200,0,1
13.3769,example.com,58.721,200,0,1
13.3773,google.com,60.262,200,0,1
13.3778,cloudflare.com,68.389,200,0,1
13.3813,github.com,57.395,200,0,1
13.3836,wikipedia.org,64.075,200,0,1
13.3852,example.com,61.391,200,0,1
13.3880,google.com,59.359,200,0,1
13.3892,cloudflare.com,57.538,200,0,1
13.3939,github.com,60.837,200,0,1
13.3991,wikipedia.org,46.837,200,0,1
13.4014,example.com,51.765,200,0,1
13.4035,google.com,60.925,200,0,1
13.4046,cloudflare.com,58.815,200,0,1
13.4142,github.com,56.291,200,0,1
13.4163,wikipedia.org,47.600,200,0,1
13.4180,example.com,54.126,200,0,1
13.4185,google.com,49.772,200,0,1
13.4212,cloudflare.com,53.900,200,0,1
13.4244,github.com,42.886,200,0,1
13.4249,wikipedia.org,61.465,200,0,1
13.4252,example.com,61.487,200,0,1
13.4256,google.com,64.226,200,0,1
13.4304,cloudflare.com,72.934,200,0,1
13.4357,github.com,42.891,200,0,1
13.4362,wikipedia.org,48.377,200,0,1
13.4369,example.com,60.020,200,0,1
13.4373,google.com,51.335,200,0,1
13.4376,cloudflare.com,51.203,200,0,1
13.4387,github.com,55.341,200,0,1
13.4390,wikipedia.org,50.606,200,0,1
13.4423,example.com,59.899,200,0,1
13.4459,google.com,52.926,200,0,1
13.4462,cloudflare.com,63.455,200,0,1
13.4466,github.com,65.098,200,0,1
13.4468,wikipedia.org,58.765,200,0,1
13.4474,example.com,63.109,200,0,1
13.4477,google.com,71.942,200,0,1
13.4532,cloudflare.com,64.799,200,0,1
13.4547,github.com,64.407,200,0,1
13.4634,wikipedia.org,64.951,200,0,1
13.4639,example.com,54.698,200,0,1
13.4645,google.com,62.105,200,0,1
13.4673,cloudflare.com,52.199,200,0,1
13.4683,github.com,58.979,200,0,1
13.4705,wikipedia.org,63.686,200,0,1
13.4721,example.com,63.316,200,0,1
13.4751,google.com,65.766,200,0,1
13.4786,cloudflare.com,55.485,200,0,1
13.4845,github.com,53.288,200,0,1
13.4864,wikipedia.org,63.619,200,0,1
13.4867,example.com,76.804,200,0,1
13.4886,google.com,51.295,200,0,1
13.4888,cloudflare.com,49.416,200,0,1
13.4896,github.com,50.052,200,0,1
13.4898,wikipedia.org,73.985,200,0,1
13.4940,example.com,48.810,200,0,1
13.4969,google.com,53.307,200,0,1
13.4989,cloudflare.com,47.943,200,0,1
13.5023,github.com,61.428,200,0,1
13.5034,wikipedia.org,69.943,200,0,1
13.5056,example.com,51.631,200,0,1
13.5096,google.com,53.638,200,0,1
13.5105,cloudflare.com,62.973,200,0,1
13.5117,github.com,60.362,200,0,1
13.5180,wikipedia.org,55.922,200,0,1
13.5186,example.com,53.692,200,0,1
13.5192,google.com,58.232,200,0,1
13.5195,cloudflare.com,50.748,200,0,1
13.5197,github.com,61.675,200,0,1
13.5266,wikipedia.org,67.753,200,0,1
13.5273,example.com,51.619,200,0,1
13.5283,google.com,66.181,200,0,1
13.5341,cloudflare.com,58.787,200,0,1
13.5342,github.com,69.347,200,0,1
13.5354,wikipedia.org,67.763,200,0,1
13.5378,example.com,55.644,200,0,1
13.5382,google.com,55.518,200,0,1
13.5397,cloudflare.com,55.411,200,0,1
13.5399,github.com,54.815,200,0,1
13.5409,wikipedia.org,62.133,200,0,1
13.5428,example.com,60.628,200,0,1
13.5468,google.com,55.277,200,0,1
13.5500,cloudflare.com,66.122,200,0,1
13.5503,github.com,65.363,200,0,1
13.5572,wikipedia.org,51.508,200,0,1
13.5633,example.com,64.354,200,0,1
13.5635,google.com,63.641,200,0,1
13.5637,cloudflare.com,59.844,200,0,1
13.5638,github.com,75.182,200,0,1
13.5703,wikipedia.org,46.036,200,0,1
13.5720,example.com,66.165,200,0,1
13.5723,google.com,48.836,200,0,1
13.5733,cloudflare.com,70.965,200,0,1
13.5735,github.com,62.091,200,0,1
13.5739,wikipedia.org,66.069,200,0,1
13.5774,example.com,60.460,200,0,1
13.5789,google.com,56.956,200,0,1
13.5813,cloudflare.com,68.056,200,0,1
13.5929,github.com,55.253,200,0,1
13.5935,wikipedia.org,65.021,200,0,1
13.5938,example.com,65.123,200,0,1
13.5943,google.com,70.533,200,0,1
13.5945,cloudflare.com,74.105,200,0,1
13.5947,github.com,59.517,200,0,1
13.5951,wikipedia.org,64.620,200,0,1
13.6021,example.com,60.928,200,0,1
13.6031,google.com,66.299,200,0,1
13.6032,cloudflare.com,65.744,200,0,1
13.6035,github.com,58.895,200,0,1
13.6036,wikipedia.org,63.989,200,0,1
13.6087,example.com,55.866,200,0,1
13.6156,google.com,65.171,200,0,1
13.6161,cloudflare.com,65.194,200,0,1
13.6163,github.com,55.371,200,0,1
13.6211,wikipedia.org,51.289,200,0,1
13.6235,example.com,58.664,200,0,1
13.6271,google.com,61.568,200,0,1
13.6276,cloudflare.com,54.154,200,0,1
13.6356,github.com,54.801,200,0,1
13.6358,wikipedia.org,49.471,200,0,1
13.6379,example.com,54.975,200,0,1
13.6382,google.com,51.305,200,0,1
13.6390,cloudflare.com,65.335,200,0,1
13.6400,github.com,53.440,200,0,1
13.6443,wikipedia.org,65.623,200,0,1
13.6481,example.com,44.351,200,0,1
13.6494,google.com,55.284,200,0,1
13.6543,cloudflare.com,43.871,200,0,1
13.6585,github.com,46.964,200,0,1
13.6589,wikipedia.org,49.729,200,0,1
13.6597,example.com,49.797,200,0,1
13.6624,google.com,58.079,200,0,1
13.6631,cloudflare.com,54.832,200,0,1
13.6646,github.com,58.855,200,0,1
13.6649,wikipedia.org,74.184,200,0,1
13.6676,example.com,66.792,200,0,1
13.6686,google.com,76.514,200,0,1
13.6690,cloudflare.com,75.492,200,0,1
13.6694,github.com,69.121,200,0,1
13.6717,wikipedia.org,64.829,200,0,1
13.6724,example.com,62.886,200,0,1
13.6808,google.com,69.371,200,0,1
13.6813,cloudflare.com,77.189,200,0,1
13.6818,github.com,69.996,200,0,1
13.6822,wikipedia.org,67.077,200,0,1
13.6853,example.com,56.704,200,0,1
13.6887,google.com,80.859,200,0,1
13.6895,cloudflare.com,71.949,200,0,1
13.6904,github.com,68.565,200,0,1
13.6925,wikipedia.org,58.578,200,0,1
